dt_ajuste;cd_filial;"de_filial";"cd_fornecedor";"nm_fornecedor_razao_social";"nm_divisao";cd_produto;"de_produto";"de_codigo_barras";"id_situacao_produto";"de_categoria_mercadologica";qt_ajuste
2024-04-01 16:49:06.0;39;"DC CHAPECÓ I";"053410783";"LABORATORIOS SERVIER DO BRASIL LTDA";"DV RX SERVIER1";650326;"COVERSYL - C/30 CPR 4MG";"7898029551046";"Inativo";"RX PROMOVIDO";1
2024-04-29 09:55:53.0;39;"DC CHAPECÓ I";"053410783";"LABORATORIOS SERVIER DO BRASIL LTDA";"DV PBM SERVIER";731804;"ACERTANLO - C/30 CPR 14+10MG";"7898029550353";"Ativo";"RX PROMOVIDO";1
2024-02-15 10:59:26.71;113;"PP BRUSQUE FELIPE SCHMIDT";"053410783";"LABORATORIOS SERVIER DO BRASIL LTDA";"DV PBM SERVIER";731803;"ACERTANLO - C/30 CPR 7+5MG";"7898029550339";"Ativo";"RX PROMOVIDO";1
2024-03-02 12:14:05.65;116;"PP BRUSQUE GUARANI";"053410783";"LABORATORIOS SERVIER DO BRASIL LTDA";"DV PBM SERVIER";731803;"ACERTANLO - C/30 CPR 7+5MG";"7898029550339";"Ativo";"RX PROMOVIDO";1
2024-04-14 17:27:53.307;117;"PP JLLE PARQUE GUARANI";"053410783";"LABORATORIOS SERVIER DO BRASIL LTDA";"DV RX SERVIER1";709220;"VASTAREL MR - C/60 CPR REV LP 35MG";"7898029558816";"Ativo";"RX PROMOVIDO";1
2024-04-10 15:34:27.26;119;"PP ARAQUARI KOMPRÃO";"053410783";"LABORATORIOS SERVIER DO BRASIL LTDA";"DV PBM SERVIER";731804;"ACERTANLO - C/30 CPR 14+10MG";"7898029550353";"Ativo";"RX PROMOVIDO";1
2024-06-06 15:04:41.67;119;"PP ARAQUARI KOMPRÃO";"053410783";"LABORATORIOS SERVIER DO BRASIL LTDA";"DV RX SERVIER1";642250;"ARCALION - C/60 CPR REV 200MG";"7898029550131";"Ativo";"RX PROMOVIDO";1
2024-10-03 08:56:17.293;119;"PP ARAQUARI KOMPRÃO";"053410783";"LABORATORIOS SERVIER DO BRASIL LTDA";"DV RX SERVIER1";714485;"PROCORALAN - C/56 CPR REV 7,5MG";"7898029557154";"Ativo";"RX PROMOVIDO";1
2024-04-05 17:15:21.92;121;"PP COXIM II";"053410783";"LABORATORIOS SERVIER DO BRASIL LTDA";"DV PBM SERVIER";731802;"ACERTANLO - C/30 CPR 3,5+2,5MG";"7898029550315";"Ativo";"RX PROMOVIDO";1
2024-11-11 11:39:21.92;121;"PP COXIM II";"053410783";"LABORATORIOS SERVIER DO BRASIL LTDA";"DV RX SERVIER1";642250;"ARCALION - C/60 CPR REV 200MG";"7898029550131";"Ativo";"RX PROMOVIDO";1
2024-03-04 12:19:26.017;122;"PP SAO GABRIEL DO OESTE";"053410783";"LABORATORIOS SERVIER DO BRASIL LTDA";"DV PBM SERVIER";731803;"ACERTANLO - C/30 CPR 7+5MG";"7898029550339";"Ativo";"RX PROMOVIDO";1
2024-03-04 15:27:38.843;123;"PP ITAJAÍ I";"053410783";"LABORATORIOS SERVIER DO BRASIL LTDA";"DV RX SERVIER1";650326;"COVERSYL - C/30 CPR 4MG";"7898029551046";"Inativo";"RX PROMOVIDO";1
2024-09-06 14:02:20.983;123;"PP ITAJAÍ I";"053410783";"LABORATORIOS SERVIER DO BRASIL LTDA";"DV RX SERVIER1";642250;"ARCALION - C/60 CPR REV 200MG";"7898029550131";"Ativo";"RX PROMOVIDO";1
2024-04-29 12:38:42.97;129;"PP LONDRINA ESPIRITO SANTO";"053410783";"LABORATORIOS SERVIER DO BRASIL LTDA";"DV RX SERVIER1";153510;"ARCALION - C/20 DRAG 200MG";"7898029550124";"Ativo";"RX PROMOVIDO";1
2024-06-24 18:10:41.613;133;"PP ITAJAÍ RESSACADA";"053410783";"LABORATORIOS SERVIER DO BRASIL LTDA";"DV RX SERVIER1";642250;"ARCALION - C/60 CPR REV 200MG";"7898029550131";"Ativo";"RX PROMOVIDO";2
2024-10-07 10:03:12.387;134;"PP TIJUCAS KOMPRÃO II";"053410783";"LABORATORIOS SERVIER DO BRASIL LTDA";"DV RX SERVIER1";642250;"ARCALION - C/60 CPR REV 200MG";"7898029550131";"Ativo";"RX PROMOVIDO";1
2024-06-06 09:03:18.057;137;"PP JLLE AREIA BRANCA";"053410783";"LABORATORIOS SERVIER DO BRASIL LTDA";"DV RX SERVIER1";724832;"DAFLON - C/30 CPR REV 900+100MG";"7898029551848";"Ativo";"RX PROMOVIDO";1
2024-02-14 17:52:40.827;138;"PP CANOINHAS III";"053410783";"LABORATORIOS SERVIER DO BRASIL LTDA";"DV PBM SERVIER";731802;"ACERTANLO - C/30 CPR 3,5+2,5MG";"7898029550315";"Ativo";"RX PROMOVIDO";1
2024-03-13 19:04:37.907;138;"PP CANOINHAS III";"053410783";"LABORATORIOS SERVIER DO BRASIL LTDA";"DV PBM SERVIER";731803;"ACERTANLO - C/30 CPR 7+5MG";"7898029550339";"Ativo";"RX PROMOVIDO";1
2024-11-11 15:33:42.177;138;"PP CANOINHAS III";"053410783";"LABORATORIOS SERVIER DO BRASIL LTDA";"DV RX SERVIER1";642250;"ARCALION - C/60 CPR REV 200MG";"7898029550131";"Ativo";"RX PROMOVIDO";1
2024-09-19 14:44:53.697;140;"DC NAVEGANTES II";"053410783";"LABORATORIOS SERVIER DO BRASIL LTDA";"DV PBM SERVIER";736459;"ACERTIL - C/60 CPR REV 10MG";"7898029550254";"Ativo";"RX PROMOVIDO";1
2024-03-08 11:54:52.587;150;"PP FPOLIS INGLESES III";"053410783";"LABORATORIOS SERVIER DO BRASIL LTDA";"DV RX SERVIER1";650326;"COVERSYL - C/30 CPR 4MG";"7898029551046";"Inativo";"RX PROMOVIDO";1
2024-03-08 11:54:52.587;150;"PP FPOLIS INGLESES III";"053410783";"LABORATORIOS SERVIER DO BRASIL LTDA";"DV PBM SERVIER";721815;"DIAMICRON MR - C/60 CPR REV LP 60MG";"7898029552210";"Ativo";"RX PROMOVIDO";1
2024-06-20 09:29:01.117;150;"PP FPOLIS INGLESES III";"053410783";"LABORATORIOS SERVIER DO BRASIL LTDA";"DV RX SERVIER1";714485;"PROCORALAN - C/56 CPR REV 7,5MG";"7898029557154";"Ativo";"RX PROMOVIDO";1
2024-04-07 15:28:26.227;151;"DC BLUMENAU II";"053410783";"LABORATORIOS SERVIER DO BRASIL LTDA";"DV RX SERVIER1";153510;"ARCALION - C/20 DRAG 200MG";"7898029550124";"Ativo";"RX PROMOVIDO";1
2024-04-03 16:57:17.96;154;"DC BLUMENAU GENERAL OSORIO";"053410783";"LABORATORIOS SERVIER DO BRASIL LTDA";"DV PBM SERVIER";717464;"DIAMICRON MR - C/30 CPR LP 60MG";"7898029552203";"Ativo";"RX PROMOVIDO";1
2024-05-03 11:26:46.253;154;"DC BLUMENAU GENERAL OSORIO";"053410783";"LABORATORIOS SERVIER DO BRASIL LTDA";"DV PBM SERVIER";730932;"ACERTIL - C/30 CPR REV 5MG";"7898029550216";"Ativo";"RX PROMOVIDO";1
2024-04-01 16:47:02.69;155;"DC BLUMENAU ALMIRANTE TAMANDARE";"053410783";"LABORATORIOS SERVIER DO BRASIL LTDA";"DV RX SERVIER1";709220;"VASTAREL MR - C/60 CPR REV LP 35MG";"7898029558816";"Ativo";"RX PROMOVIDO";1
2024-03-22 17:07:14.373;158;"PP TIMBO HOSPITAL";"053410783";"LABORATORIOS SERVIER DO BRASIL LTDA";"DV RX SERVIER1";711065;"VASTAREL MR - C/30 CPR REV LP 35MG";"7898029558809";"Ativo";"RX PROMOVIDO";2
2024-06-24 16:49:41.147;158;"PP TIMBO HOSPITAL";"053410783";"LABORATORIOS SERVIER DO BRASIL LTDA";"DV PBM SERVIER";725585;"ACERTIL - C/30 CPR REV 10MG";"7898029550247";"Ativo";"RX PROMOVIDO";2
2024-06-24 16:59:22.533;158;"PP TIMBO HOSPITAL";"053410783";"LABORATORIOS SERVIER DO BRASIL LTDA";"DV RX SERVIER1";642250;"ARCALION - C/60 CPR REV 200MG";"7898029550131";"Ativo";"RX PROMOVIDO";1
2024-07-20 12:41:09.127;158;"PP TIMBO HOSPITAL";"053410783";"LABORATORIOS SERVIER DO BRASIL LTDA";"DV RX SERVIER1";701207;"DIAMICRON MR - C/60 CPR REV LP 30MG";"7898029552135";"Ativo";"RX PROMOVIDO";1
2024-08-22 08:31:04.26;158;"PP TIMBO HOSPITAL";"053410783";"LABORATORIOS SERVIER DO BRASIL LTDA";"DV RX SERVIER1";704825;"COVERSYL PLUS - C/30 CPR 4+1,25MG";"7898029551244";"Inativo";"RX PROMOVIDO";1
2024-08-22 08:41:39.333;158;"PP TIMBO HOSPITAL";"053410783";"LABORATORIOS SERVIER DO BRASIL LTDA";"DV RX SERVIER1";701206;"DAFLON - C/60 CPR REV 450+50MG";"7898029551787";"Ativo";"RX PROMOVIDO";1
2024-08-22 08:41:39.333;158;"PP TIMBO HOSPITAL";"053410783";"LABORATORIOS SERVIER DO BRASIL LTDA";"DV PBM SERVIER";717464;"DIAMICRON MR - C/30 CPR LP 60MG";"7898029552203";"Ativo";"RX PROMOVIDO";1
2024-09-30 12:17:16.67;158;"PP TIMBO HOSPITAL";"053410783";"LABORATORIOS SERVIER DO BRASIL LTDA";"DV RX SERVIER1";691014;"DIAMICRON MR - C/30 CPR REV LP 30MG";"7898029552128";"Ativo";"RX PROMOVIDO";1
2024-10-15 11:10:27.117;158;"PP TIMBO HOSPITAL";"053410783";"LABORATORIOS SERVIER DO BRASIL LTDA";"DV RX SERVIER1";684478;"NATRILIX SR - C/30 CPR REV LP 1,5MG";"7898029556829";"Ativo";"RX PROMOVIDO";1
2024-12-17 21:22:24.72;158;"PP TIMBO HOSPITAL";"053410783";"LABORATORIOS SERVIER DO BRASIL LTDA";"DV PBM SERVIER";736459;"ACERTIL - C/60 CPR REV 10MG";"7898029550254";"Ativo";"RX PROMOVIDO";1
2024-12-30 12:51:05.48;160;"PP LONDRINA 15 DE NOVEMBRO";"053410783";"LABORATORIOS SERVIER DO BRASIL LTDA";"DV RX SERVIER1";153510;"ARCALION - C/20 DRAG 200MG";"7898029550124";"Ativo";"RX PROMOVIDO";1
2024-03-20 12:44:55.577;165;"PP GUAIRA";"053410783";"LABORATORIOS SERVIER DO BRASIL LTDA";"DV RX SERVIER1";711065;"VASTAREL MR - C/30 CPR REV LP 35MG";"7898029558809";"Ativo";"RX PROMOVIDO";1
2024-05-10 11:40:35.3;165;"PP GUAIRA";"053410783";"LABORATORIOS SERVIER DO BRASIL LTDA";"DV RX SERVIER1";714485;"PROCORALAN - C/56 CPR REV 7,5MG";"7898029557154";"Ativo";"RX PROMOVIDO";1
2024-05-27 16:38:46.517;166;"PP GRAVATAÍ III";"053410783";"LABORATORIOS SERVIER DO BRASIL LTDA";"DV RX SERVIER1";724832;"DAFLON - C/30 CPR REV 900+100MG";"7898029551848";"Ativo";"RX PROMOVIDO";1
2024-11-30 11:12:07.45;168;"PP CAMBORIÚ KOMPRÃO II";"053410783";"LABORATORIOS SERVIER DO BRASIL LTDA";"DV RX SERVIER1";714483;"PROCORALAN - C/56 CPR REV 5MG";"7898029557123";"Ativo";"RX PROMOVIDO";1
2024-11-04 15:37:41.717;175;"DC S JOSÉ LEOBERTO LEAL";"053410783";"LABORATORIOS SERVIER DO BRASIL LTDA";"DV RX SERVIER1";642250;"ARCALION - C/60 CPR REV 200MG";"7898029550131";"Ativo";"RX PROMOVIDO";1
2025-01-03 18:13:19.113;175;"DC S JOSÉ LEOBERTO LEAL";"053410783";"LABORATORIOS SERVIER DO BRASIL LTDA";"DV RX SERVIER1";701206;"DAFLON - C/60 CPR REV 450+50MG";"7898029551787";"Ativo";"RX PROMOVIDO";1
2024-02-12 16:16:11.0;178;"DC RIO NEGRINHO";"053410783";"LABORATORIOS SERVIER DO BRASIL LTDA";"DV RX SERVIER1";714485;"PROCORALAN - C/56 CPR REV 7,5MG";"7898029557154";"Ativo";"RX PROMOVIDO";1
2024-06-30 10:53:31.73;178;"DC RIO NEGRINHO";"053410783";"LABORATORIOS SERVIER DO BRASIL LTDA";"DV RX SERVIER1";153510;"ARCALION - C/20 DRAG 200MG";"7898029550124";"Ativo";"RX PROMOVIDO";1
2024-10-02 11:23:13.11;187;"PP CAÇADOR II";"053410783";"LABORATORIOS SERVIER DO BRASIL LTDA";"DV RX SERVIER1";729219;"DAFLON - C/60 CPR REV 900+100MG";"7898029551855";"Ativo";"RX PROMOVIDO";1
2024-03-05 10:38:02.483;201;"PP POMERODE KOMPRÃO";"053410783";"LABORATORIOS SERVIER DO BRASIL LTDA";"DV PBM SERVIER";731803;"ACERTANLO - C/30 CPR 7+5MG";"7898029550339";"Ativo";"RX PROMOVIDO";1
2024-08-28 09:09:21.5;201;"PP POMERODE KOMPRÃO";"053410783";"LABORATORIOS SERVIER DO BRASIL LTDA";"DV PBM SERVIER";717464;"DIAMICRON MR - C/30 CPR LP 60MG";"7898029552203";"Ativo";"RX PROMOVIDO";1
2024-08-06 14:42:48.02;207;"PP BLU KOMPRÃO ÁGUA VERDE";"053410783";"LABORATORIOS SERVIER DO BRASIL LTDA";"DV RX SERVIER1";701206;"DAFLON - C/60 CPR REV 450+50MG";"7898029551787";"Ativo";"RX PROMOVIDO";1
2024-03-18 17:57:23.877;210;"DC FPOLIS INGLESES";"053410783";"LABORATORIOS SERVIER DO BRASIL LTDA";"DV RX SERVIER1";650326;"COVERSYL - C/30 CPR 4MG";"7898029551046";"Inativo";"RX PROMOVIDO";1
2024-02-17 11:26:58.343;212;"PP NOVA ANDRADINA III";"053410783";"LABORATORIOS SERVIER DO BRASIL LTDA";"DV RX SERVIER1";704825;"COVERSYL PLUS - C/30 CPR 4+1,25MG";"7898029551244";"Inativo";"RX PROMOVIDO";1
2024-03-06 11:33:01.557;212;"PP NOVA ANDRADINA III";"053410783";"LABORATORIOS SERVIER DO BRASIL LTDA";"DV PBM SERVIER";731803;"ACERTANLO - C/30 CPR 7+5MG";"7898029550339";"Ativo";"RX PROMOVIDO";1
2024-10-24 11:45:04.83;217;"DC CRICIÚMA III";"053410783";"LABORATORIOS SERVIER DO BRASIL LTDA";"DV RX SERVIER1";714483;"PROCORALAN - C/56 CPR REV 5MG";"7898029557123";"Ativo";"RX PROMOVIDO";1
2024-03-13 11:59:19.88;238;"PP JLLE NOVA BRASÍLIA";"053410783";"LABORATORIOS SERVIER DO BRASIL LTDA";"DV RX SERVIER1";153510;"ARCALION - C/20 DRAG 200MG";"7898029550124";"Ativo";"RX PROMOVIDO";1
2024-03-13 11:59:19.88;238;"PP JLLE NOVA BRASÍLIA";"053410783";"LABORATORIOS SERVIER DO BRASIL LTDA";"DV RX SERVIER1";650326;"COVERSYL - C/30 CPR 4MG";"7898029551046";"Inativo";"RX PROMOVIDO";1
2024-04-30 11:18:10.547;246;"DC JLLE BOA VISTA";"053410783";"LABORATORIOS SERVIER DO BRASIL LTDA";"DV PBM SERVIER";731804;"ACERTANLO - C/30 CPR 14+10MG";"7898029550353";"Ativo";"RX PROMOVIDO";1
2025-01-28 19:15:29.327;246;"DC JLLE BOA VISTA";"053410783";"LABORATORIOS SERVIER DO BRASIL LTDA";"DV RX SERVIER1";642250;"ARCALION - C/60 CPR REV 200MG";"7898029550131";"Ativo";"RX PROMOVIDO";2
2024-02-29 15:25:23.29;288;"PP BRUSQUE";"053410783";"LABORATORIOS SERVIER DO BRASIL LTDA";"DV PBM SERVIER";736459;"ACERTIL - C/60 CPR REV 10MG";"7898029550254";"Ativo";"RX PROMOVIDO";1
2024-03-25 11:54:18.64;301;"PP FPOLIS VITÓRIA";"053410783";"LABORATORIOS SERVIER DO BRASIL LTDA";"DV RX SERVIER1";642250;"ARCALION - C/60 CPR REV 200MG";"7898029550131";"Ativo";"RX PROMOVIDO";1
2024-04-22 10:22:57.393;301;"PP FPOLIS VITÓRIA";"053410783";"LABORATORIOS SERVIER DO BRASIL LTDA";"DV PBM SERVIER";731804;"ACERTANLO - C/30 CPR 14+10MG";"7898029550353";"Ativo";"RX PROMOVIDO";1
2024-09-04 10:10:28.047;301;"PP FPOLIS VITÓRIA";"053410783";"LABORATORIOS SERVIER DO BRASIL LTDA";"DV RX SERVIER1";642250;"ARCALION - C/60 CPR REV 200MG";"7898029550131";"Ativo";"RX PROMOVIDO";1
2024-05-03 08:56:56.873;304;"PP FPOLIS ITACORUBI";"053410783";"LABORATORIOS SERVIER DO BRASIL LTDA";"DV PBM SERVIER";731804;"ACERTANLO - C/30 CPR 14+10MG";"7898029550353";"Ativo";"RX PROMOVIDO";1
2024-07-11 17:42:46.897;305;"PP ITAPOÁ";"053410783";"LABORATORIOS SERVIER DO BRASIL LTDA";"DV PBM SERVIER";740229;"TRIPLIXAM - C/30 CPR REV 5+1,25+10MG";"7898029550810";"Ativo";"RX PROMOVIDO";1
2024-04-26 10:18:01.9;313;"PP NOVA ANDRADINA II";"053410783";"LABORATORIOS SERVIER DO BRASIL LTDA";"DV PBM SERVIER";731804;"ACERTANLO - C/30 CPR 14+10MG";"7898029550353";"Ativo";"RX PROMOVIDO";1
2024-07-26 16:08:17.817;313;"PP NOVA ANDRADINA II";"053410783";"LABORATORIOS SERVIER DO BRASIL LTDA";"DV RX SERVIER1";714485;"PROCORALAN - C/56 CPR REV 7,5MG";"7898029557154";"Ativo";"RX PROMOVIDO";1
2024-10-28 14:35:16.953;313;"PP NOVA ANDRADINA II";"053410783";"LABORATORIOS SERVIER DO BRASIL LTDA";"DV RX SERVIER1";714485;"PROCORALAN - C/56 CPR REV 7,5MG";"7898029557154";"Ativo";"RX PROMOVIDO";2
2024-05-27 16:25:58.927;322;"PP BLU ESCOLA AGRICOLA";"053410783";"LABORATORIOS SERVIER DO BRASIL LTDA";"DV RX SERVIER1";701206;"DAFLON - C/60 CPR REV 450+50MG";"7898029551787";"Ativo";"RX PROMOVIDO";1
2024-08-30 15:35:33.257;322;"PP BLU ESCOLA AGRICOLA";"053410783";"LABORATORIOS SERVIER DO BRASIL LTDA";"DV RX SERVIER1";701207;"DIAMICRON MR - C/60 CPR REV LP 30MG";"7898029552135";"Ativo";"RX PROMOVIDO";1
2024-02-21 12:39:05.893;337;"PP LAPA MUNHOZ DA ROCHA";"053410783";"LABORATORIOS SERVIER DO BRASIL LTDA";"DV PBM SERVIER";731802;"ACERTANLO - C/30 CPR 3,5+2,5MG";"7898029550315";"Ativo";"RX PROMOVIDO";1
2024-10-02 18:05:59.777;338;"DC CTBA ALTO DA XV";"053410783";"LABORATORIOS SERVIER DO BRASIL LTDA";"DV RX SERVIER1";642250;"ARCALION - C/60 CPR REV 200MG";"7898029550131";"Ativo";"RX PROMOVIDO";1
2024-08-02 17:34:46.097;341;"PP CHAPECÓ SÃO CRISTOVÃO";"053410783";"LABORATORIOS SERVIER DO BRASIL LTDA";"DV RX SERVIER1";709220;"VASTAREL MR - C/60 CPR REV LP 35MG";"7898029558816";"Ativo";"RX PROMOVIDO";1
2024-08-23 17:34:36.943;344;"PP ITAJAI CAMPOS NOVOS";"053410783";"LABORATORIOS SERVIER DO BRASIL LTDA";"DV RX SERVIER1";701206;"DAFLON - C/60 CPR REV 450+50MG";"7898029551787";"Ativo";"RX PROMOVIDO";1
2024-07-09 11:08:40.18;347;"PP S FRANCISCO DO SUL ENSEADA";"053410783";"LABORATORIOS SERVIER DO BRASIL LTDA";"DV RX SERVIER1";153510;"ARCALION - C/20 DRAG 200MG";"7898029550124";"Ativo";"RX PROMOVIDO";1
2025-02-01 09:36:03.91;348;"PP JLLE MARQUES DE OLINDA";"053410783";"LABORATORIOS SERVIER DO BRASIL LTDA";"DV PBM SERVIER";736648;"DAFLON FLEX - C/30 ENV SUSP ORAL 900+100MG";"7898029550766";"Ativo";"RX PROMOVIDO";1
2024-09-11 11:43:44.967;349;"PP LONDRINA JARDIM SANTANA";"053410783";"LABORATORIOS SERVIER DO BRASIL LTDA";"DV PBM SERVIER";739346;"VASTAREL LP - C/30 CAPS LP 80MG";"7898029558755";"Ativo";"RX PROMOVIDO";2
2024-02-23 12:50:44.087;350;"PP JLLE GRACIOSA";"053410783";"LABORATORIOS SERVIER DO BRASIL LTDA";"DV RX SERVIER1";704825;"COVERSYL PLUS - C/30 CPR 4+1,25MG";"7898029551244";"Inativo";"RX PROMOVIDO";1
2024-03-30 08:39:01.637;350;"PP JLLE GRACIOSA";"053410783";"LABORATORIOS SERVIER DO BRASIL LTDA";"DV RX SERVIER1";709220;"VASTAREL MR - C/60 CPR REV LP 35MG";"7898029558816";"Ativo";"RX PROMOVIDO";2
2024-05-25 08:41:23.187;350;"PP JLLE GRACIOSA";"053410783";"LABORATORIOS SERVIER DO BRASIL LTDA";"DV RX SERVIER1";709220;"VASTAREL MR - C/60 CPR REV LP 35MG";"7898029558816";"Ativo";"RX PROMOVIDO";1
2024-08-13 16:01:02.553;356;"PP ITAPEMA KOCH CASA BRANCA";"053410783";"LABORATORIOS SERVIER DO BRASIL LTDA";"DV RX SERVIER1";701206;"DAFLON - C/60 CPR REV 450+50MG";"7898029551787";"Ativo";"RX PROMOVIDO";1
2024-05-08 18:03:46.47;357;"PP CAMBORIÚ KOMPRÃO I";"053410783";"LABORATORIOS SERVIER DO BRASIL LTDA";"DV PBM SERVIER";730932;"ACERTIL - C/30 CPR REV 5MG";"7898029550216";"Ativo";"RX PROMOVIDO";1
2024-06-15 15:31:54.987;358;"PP BRUSQUE  KOMPRÃO SANTA RITA";"053410783";"LABORATORIOS SERVIER DO BRASIL LTDA";"DV RX SERVIER1";153510;"ARCALION - C/20 DRAG 200MG";"7898029550124";"Ativo";"RX PROMOVIDO";1
2024-09-03 16:35:44.203;359;"PP BOMBINHAS KOCH";"053410783";"LABORATORIOS SERVIER DO BRASIL LTDA";"DV RX SERVIER1";701206;"DAFLON - C/60 CPR REV 450+50MG";"7898029551787";"Ativo";"RX PROMOVIDO";1
2025-01-15 17:37:46.267;359;"PP BOMBINHAS KOCH";"053410783";"LABORATORIOS SERVIER DO BRASIL LTDA";"DV RX SERVIER1";704825;"COVERSYL PLUS - C/30 CPR 4+1,25MG";"7898029551244";"Inativo";"RX PROMOVIDO";1
2024-09-30 10:35:59.853;362;"DC CHAPECÓ III";"053410783";"LABORATORIOS SERVIER DO BRASIL LTDA";"DV RX SERVIER1";642250;"ARCALION - C/60 CPR REV 200MG";"7898029550131";"Ativo";"RX PROMOVIDO";1
2024-03-25 12:14:56.063;370;"PP ITUPORANGA";"053410783";"LABORATORIOS SERVIER DO BRASIL LTDA";"DV RX SERVIER1";691014;"DIAMICRON MR - C/30 CPR REV LP 30MG";"7898029552128";"Ativo";"RX PROMOVIDO";1
2024-07-23 17:33:09.303;370;"PP ITUPORANGA";"053410783";"LABORATORIOS SERVIER DO BRASIL LTDA";"DV PBM SERVIER";731803;"ACERTANLO - C/30 CPR 7+5MG";"7898029550339";"Ativo";"RX PROMOVIDO";1
2024-03-20 16:20:53.927;371;"PP BENTO GONÇALVES BOTAFOGO";"053410783";"LABORATORIOS SERVIER DO BRASIL LTDA";"DV RX SERVIER1";709220;"VASTAREL MR - C/60 CPR REV LP 35MG";"7898029558816";"Ativo";"RX PROMOVIDO";1
2024-11-28 17:22:16.937;371;"PP BENTO GONÇALVES BOTAFOGO";"053410783";"LABORATORIOS SERVIER DO BRASIL LTDA";"DV RX SERVIER1";642250;"ARCALION - C/60 CPR REV 200MG";"7898029550131";"Ativo";"RX PROMOVIDO";1
2024-06-12 15:53:32.393;372;"PP TIMBÓ I";"053410783";"LABORATORIOS SERVIER DO BRASIL LTDA";"DV RX SERVIER1";642250;"ARCALION - C/60 CPR REV 200MG";"7898029550131";"Ativo";"RX PROMOVIDO";1
2024-07-02 16:35:01.533;374;"PP FPOLIS FELIPE SCHMIDT III";"053410783";"LABORATORIOS SERVIER DO BRASIL LTDA";"DV RX SERVIER1";153510;"ARCALION - C/20 DRAG 200MG";"7898029550124";"Ativo";"RX PROMOVIDO";1
2024-08-09 10:14:17.193;386;"PP CAMPO GRANDE ARY COELHO";"053410783";"LABORATORIOS SERVIER DO BRASIL LTDA";"DV RX SERVIER1";701206;"DAFLON - C/60 CPR REV 450+50MG";"7898029551787";"Ativo";"RX PROMOVIDO";1
2024-03-27 17:12:14.843;388;"PP POA MARILAND";"053410783";"LABORATORIOS SERVIER DO BRASIL LTDA";"DV RX SERVIER1";650326;"COVERSYL - C/30 CPR 4MG";"7898029551046";"Inativo";"RX PROMOVIDO";1
2024-04-25 17:19:13.787;388;"PP POA MARILAND";"053410783";"LABORATORIOS SERVIER DO BRASIL LTDA";"DV PBM SERVIER";721815;"DIAMICRON MR - C/60 CPR REV LP 60MG";"7898029552210";"Ativo";"RX PROMOVIDO";2
2024-04-25 17:19:13.787;388;"PP POA MARILAND";"053410783";"LABORATORIOS SERVIER DO BRASIL LTDA";"DV PBM SERVIER";731803;"ACERTANLO - C/30 CPR 7+5MG";"7898029550339";"Ativo";"RX PROMOVIDO";1
2024-04-25 17:19:13.787;388;"PP POA MARILAND";"053410783";"LABORATORIOS SERVIER DO BRASIL LTDA";"DV PBM SERVIER";740229;"TRIPLIXAM - C/30 CPR REV 5+1,25+10MG";"7898029550810";"Ativo";"RX PROMOVIDO";1
2024-06-24 17:39:41.183;388;"PP POA MARILAND";"053410783";"LABORATORIOS SERVIER DO BRASIL LTDA";"DV RX SERVIER1";642250;"ARCALION - C/60 CPR REV 200MG";"7898029550131";"Ativo";"RX PROMOVIDO";1
2024-07-23 17:14:15.52;388;"PP POA MARILAND";"053410783";"LABORATORIOS SERVIER DO BRASIL LTDA";"DV PBM SERVIER";740229;"TRIPLIXAM - C/30 CPR REV 5+1,25+10MG";"7898029550810";"Ativo";"RX PROMOVIDO";1
2025-01-03 17:29:02.157;388;"PP POA MARILAND";"053410783";"LABORATORIOS SERVIER DO BRASIL LTDA";"DV PBM SERVIER";736648;"DAFLON FLEX - C/30 ENV SUSP ORAL 900+100MG";"7898029550766";"Ativo";"RX PROMOVIDO";1
2024-06-13 12:18:33.303;389;"PP PELOTAS";"053410783";"LABORATORIOS SERVIER DO BRASIL LTDA";"DV RX SERVIER1";642250;"ARCALION - C/60 CPR REV 200MG";"7898029550131";"Ativo";"RX PROMOVIDO";1
2024-06-10 17:13:54.23;392;"PP LAJEADO";"053410783";"LABORATORIOS SERVIER DO BRASIL LTDA";"DV RX SERVIER1";642250;"ARCALION - C/60 CPR REV 200MG";"7898029550131";"Ativo";"RX PROMOVIDO";1
2024-08-02 09:48:08.417;392;"PP LAJEADO";"053410783";"LABORATORIOS SERVIER DO BRASIL LTDA";"DV RX SERVIER1";701206;"DAFLON - C/60 CPR REV 450+50MG";"7898029551787";"Ativo";"RX PROMOVIDO";1
2024-07-10 14:24:03.587;400;"PP CAMBORIÚ TABULEIRO";"053410783";"LABORATORIOS SERVIER DO BRASIL LTDA";"DV RX SERVIER1";153510;"ARCALION - C/20 DRAG 200MG";"7898029550124";"Ativo";"RX PROMOVIDO";1
2024-04-02 15:50:16.643;403;"PP TORRES I";"053410783";"LABORATORIOS SERVIER DO BRASIL LTDA";"DV PBM SERVIER";731803;"ACERTANLO - C/30 CPR 7+5MG";"7898029550339";"Ativo";"RX PROMOVIDO";1
2024-06-05 16:08:58.24;404;"PP GUARATUBA";"053410783";"LABORATORIOS SERVIER DO BRASIL LTDA";"DV RX SERVIER1";714485;"PROCORALAN - C/56 CPR REV 7,5MG";"7898029557154";"Ativo";"RX PROMOVIDO";2
2024-03-28 14:59:16.533;405;"PP MONTENEGRO";"053410783";"LABORATORIOS SERVIER DO BRASIL LTDA";"DV PBM SERVIER";731803;"ACERTANLO - C/30 CPR 7+5MG";"7898029550339";"Ativo";"RX PROMOVIDO";2
2024-06-07 11:53:33.803;405;"PP MONTENEGRO";"053410783";"LABORATORIOS SERVIER DO BRASIL LTDA";"DV PBM SERVIER";721815;"DIAMICRON MR - C/60 CPR REV LP 60MG";"7898029552210";"Ativo";"RX PROMOVIDO";1
2024-08-29 10:48:24.467;405;"PP MONTENEGRO";"053410783";"LABORATORIOS SERVIER DO BRASIL LTDA";"DV RX SERVIER1";714483;"PROCORALAN - C/56 CPR REV 5MG";"7898029557123";"Ativo";"RX PROMOVIDO";1
2024-08-29 10:48:24.467;405;"PP MONTENEGRO";"053410783";"LABORATORIOS SERVIER DO BRASIL LTDA";"DV PBM SERVIER";717464;"DIAMICRON MR - C/30 CPR LP 60MG";"7898029552203";"Ativo";"RX PROMOVIDO";3
2024-09-12 17:16:56.53;405;"PP MONTENEGRO";"053410783";"LABORATORIOS SERVIER DO BRASIL LTDA";"DV PBM SERVIER";721815;"DIAMICRON MR - C/60 CPR REV LP 60MG";"7898029552210";"Ativo";"RX PROMOVIDO";1
2024-08-09 08:40:14.557;406;"PP NAVIRAÍ I";"053410783";"LABORATORIOS SERVIER DO BRASIL LTDA";"DV RX SERVIER1";153510;"ARCALION - C/20 DRAG 200MG";"7898029550124";"Ativo";"RX PROMOVIDO";1
2024-09-22 12:15:33.897;407;"PP BC QUARTA AVENIDA II";"053410783";"LABORATORIOS SERVIER DO BRASIL LTDA";"DV RX SERVIER1";642250;"ARCALION - C/60 CPR REV 200MG";"7898029550131";"Ativo";"RX PROMOVIDO";2
2024-07-18 15:34:58.003;412;"PP ARAUCÁRIA";"053410783";"LABORATORIOS SERVIER DO BRASIL LTDA";"DV PBM SERVIER";717464;"DIAMICRON MR - C/30 CPR LP 60MG";"7898029552203";"Ativo";"RX PROMOVIDO";1
2024-04-13 11:38:15.327;419;"PP CIANORTE AMAZONAS";"053410783";"LABORATORIOS SERVIER DO BRASIL LTDA";"DV PBM SERVIER";721815;"DIAMICRON MR - C/60 CPR REV LP 60MG";"7898029552210";"Ativo";"RX PROMOVIDO";1
2024-11-14 11:22:34.663;419;"PP CIANORTE AMAZONAS";"053410783";"LABORATORIOS SERVIER DO BRASIL LTDA";"DV RX SERVIER1";691014;"DIAMICRON MR - C/30 CPR REV LP 30MG";"7898029552128";"Ativo";"RX PROMOVIDO";1
2024-07-25 10:35:30.997;421;"PP POUSO REDONDO";"053410783";"LABORATORIOS SERVIER DO BRASIL LTDA";"DV RX SERVIER1";711065;"VASTAREL MR - C/30 CPR REV LP 35MG";"7898029558809";"Ativo";"RX PROMOVIDO";1
2024-08-07 10:32:36.41;421;"PP POUSO REDONDO";"053410783";"LABORATORIOS SERVIER DO BRASIL LTDA";"DV RX SERVIER1";723610;"NATRILIX SR - C/60 CPR REV LP 1,5MG";"7898029556812";"Ativo";"RX PROMOVIDO";1
2024-06-21 09:24:08.093;435;"PP CRICIUMA CENTENARIO";"053410783";"LABORATORIOS SERVIER DO BRASIL LTDA";"DV RX SERVIER1";642250;"ARCALION - C/60 CPR REV 200MG";"7898029550131";"Ativo";"RX PROMOVIDO";1
2024-07-23 12:14:00.403;435;"PP CRICIUMA CENTENARIO";"053410783";"LABORATORIOS SERVIER DO BRASIL LTDA";"DV PBM SERVIER";740229;"TRIPLIXAM - C/30 CPR REV 5+1,25+10MG";"7898029550810";"Ativo";"RX PROMOVIDO";2
2024-08-14 16:06:03.287;441;"PP GAROPABA";"053410783";"LABORATORIOS SERVIER DO BRASIL LTDA";"DV RX SERVIER1";642250;"ARCALION - C/60 CPR REV 200MG";"7898029550131";"Ativo";"RX PROMOVIDO";1
2024-11-08 17:21:26.43;442;"PP CAMBORIÚ AREIAS";"053410783";"LABORATORIOS SERVIER DO BRASIL LTDA";"DV RX SERVIER1";701206;"DAFLON - C/60 CPR REV 450+50MG";"7898029551787";"Ativo";"RX PROMOVIDO";1
2024-07-08 17:10:21.18;444;"PP POA BENJAMIN CONSTANT";"053410783";"LABORATORIOS SERVIER DO BRASIL LTDA";"DV PBM SERVIER";740229;"TRIPLIXAM - C/30 CPR REV 5+1,25+10MG";"7898029550810";"Ativo";"RX PROMOVIDO";1
2024-02-20 12:29:37.0;445;"DC TIMBÓ";"053410783";"LABORATORIOS SERVIER DO BRASIL LTDA";"DV RX SERVIER1";704825;"COVERSYL PLUS - C/30 CPR 4+1,25MG";"7898029551244";"Inativo";"RX PROMOVIDO";1
2024-09-17 11:03:00.887;448;"PP GARIBALDI";"053410783";"LABORATORIOS SERVIER DO BRASIL LTDA";"DV RX SERVIER1";642250;"ARCALION - C/60 CPR REV 200MG";"7898029550131";"Ativo";"RX PROMOVIDO";1
2024-07-17 17:43:00.283;452;"PP N HAMBURGO CANUDOS";"053410783";"LABORATORIOS SERVIER DO BRASIL LTDA";"DV PBM SERVIER";740229;"TRIPLIXAM - C/30 CPR REV 5+1,25+10MG";"7898029550810";"Ativo";"RX PROMOVIDO";1
2024-03-04 15:56:13.87;453;"PP PORTO BELO";"053410783";"LABORATORIOS SERVIER DO BRASIL LTDA";"DV PBM SERVIER";731803;"ACERTANLO - C/30 CPR 7+5MG";"7898029550339";"Ativo";"RX PROMOVIDO";1
2024-06-05 10:19:01.0;454;"HUB SÃO PAULO";"053410783";"LABORATORIOS SERVIER DO BRASIL LTDA";"DV RX SERVIER1";153510;"ARCALION - C/20 DRAG 200MG";"7898029550124";"Ativo";"RX PROMOVIDO";1
2024-10-31 08:58:11.81;464;"PP FAZENDA RIO GRANDE";"053410783";"LABORATORIOS SERVIER DO BRASIL LTDA";"DV RX SERVIER1";714485;"PROCORALAN - C/56 CPR REV 7,5MG";"7898029557154";"Ativo";"RX PROMOVIDO";1
2024-06-27 16:16:34.547;465;"PP CTBA BATEL";"053410783";"LABORATORIOS SERVIER DO BRASIL LTDA";"DV RX SERVIER1";714485;"PROCORALAN - C/56 CPR REV 7,5MG";"7898029557154";"Ativo";"RX PROMOVIDO";1
2024-10-29 17:11:31.127;465;"PP CTBA BATEL";"053410783";"LABORATORIOS SERVIER DO BRASIL LTDA";"DV RX SERVIER1";153510;"ARCALION - C/20 DRAG 200MG";"7898029550124";"Ativo";"RX PROMOVIDO";1
2024-02-26 15:54:11.257;472;"PP ARAQUARI ITINGA";"053410783";"LABORATORIOS SERVIER DO BRASIL LTDA";"DV PBM SERVIER";731803;"ACERTANLO - C/30 CPR 7+5MG";"7898029550339";"Ativo";"RX PROMOVIDO";1
2024-03-22 15:53:47.477;472;"PP ARAQUARI ITINGA";"053410783";"LABORATORIOS SERVIER DO BRASIL LTDA";"DV RX SERVIER1";729219;"DAFLON - C/60 CPR REV 900+100MG";"7898029551855";"Ativo";"RX PROMOVIDO";1
2024-03-05 15:38:03.9;478;"PP CAMPO GRANDE SHOPPING ESTAÇÃO";"053410783";"LABORATORIOS SERVIER DO BRASIL LTDA";"DV PBM SERVIER";731804;"ACERTANLO - C/30 CPR 14+10MG";"7898029550353";"Ativo";"RX PROMOVIDO";2
2024-06-27 20:10:18.69;479;"PP CTBA CHAMPAGNAT";"053410783";"LABORATORIOS SERVIER DO BRASIL LTDA";"DV PBM SERVIER";740229;"TRIPLIXAM - C/30 CPR REV 5+1,25+10MG";"7898029550810";"Ativo";"RX PROMOVIDO";2
2024-03-06 16:55:34.393;482;"PP S LEOPOLDO INDEPENDÊNCIA II";"053410783";"LABORATORIOS SERVIER DO BRASIL LTDA";"DV PBM SERVIER";721815;"DIAMICRON MR - C/60 CPR REV LP 60MG";"7898029552210";"Ativo";"RX PROMOVIDO";1
2024-10-01 13:10:06.14;483;"PP CX DO SUL POMPÉIA";"053410783";"LABORATORIOS SERVIER DO BRASIL LTDA";"DV RX SERVIER1";714485;"PROCORALAN - C/56 CPR REV 7,5MG";"7898029557154";"Ativo";"RX PROMOVIDO";1
2024-11-19 14:49:36.14;487;"PP CX DO SUL PERIMETRAL";"053410783";"LABORATORIOS SERVIER DO BRASIL LTDA";"DV RX SERVIER1";709220;"VASTAREL MR - C/60 CPR REV LP 35MG";"7898029558816";"Ativo";"RX PROMOVIDO";1
2024-02-21 16:13:31.473;494;"PP LAGES II";"053410783";"LABORATORIOS SERVIER DO BRASIL LTDA";"DV PBM SERVIER";717464;"DIAMICRON MR - C/30 CPR LP 60MG";"7898029552203";"Ativo";"RX PROMOVIDO";1
2024-04-08 19:37:57.817;495;"DC JLLE OTTO BOEHM";"053410783";"LABORATORIOS SERVIER DO BRASIL LTDA";"DV PBM SERVIER";721815;"DIAMICRON MR - C/60 CPR REV LP 60MG";"7898029552210";"Ativo";"RX PROMOVIDO";1
2024-02-29 16:53:40.0;498;"PP LONDRINA VITÓRIA";"053410783";"LABORATORIOS SERVIER DO BRASIL LTDA";"DV RX SERVIER1";679304;"HYPERIUM - C/30 CPR 1MG";"7898029552548";"Inativo";"RX PROMOVIDO";1
2024-02-13 16:51:06.837;503;"PP PASSO FUNDO SAO CRISTOVÃO";"053410783";"LABORATORIOS SERVIER DO BRASIL LTDA";"DV RX SERVIER1";711065;"VASTAREL MR - C/30 CPR REV LP 35MG";"7898029558809";"Ativo";"RX PROMOVIDO";1
2024-02-13 16:51:06.837;503;"PP PASSO FUNDO SAO CRISTOVÃO";"053410783";"LABORATORIOS SERVIER DO BRASIL LTDA";"DV PBM SERVIER";736459;"ACERTIL - C/60 CPR REV 10MG";"7898029550254";"Ativo";"RX PROMOVIDO";1
2024-10-14 12:12:37.407;504;"PP FPOLIS RIO BRANCO";"053410783";"LABORATORIOS SERVIER DO BRASIL LTDA";"DV RX SERVIER1";153510;"ARCALION - C/20 DRAG 200MG";"7898029550124";"Ativo";"RX PROMOVIDO";1
2024-11-12 16:09:02.893;506;"PP FPOLIS INGLESES II";"053410783";"LABORATORIOS SERVIER DO BRASIL LTDA";"DV RX SERVIER1";153510;"ARCALION - C/20 DRAG 200MG";"7898029550124";"Ativo";"RX PROMOVIDO";1
2024-05-14 14:50:32.703;507;"PP GRAVATAÍ PARADA 66";"053410783";"LABORATORIOS SERVIER DO BRASIL LTDA";"DV RX SERVIER1";729219;"DAFLON - C/60 CPR REV 900+100MG";"7898029551855";"Ativo";"RX PROMOVIDO";1
2024-10-29 12:48:22.61;512;"PP POA SARANDI";"053410783";"LABORATORIOS SERVIER DO BRASIL LTDA";"DV PBM SERVIER";730932;"ACERTIL - C/30 CPR REV 5MG";"7898029550216";"Ativo";"RX PROMOVIDO";1
2024-09-25 12:16:36.85;515;"PP LONDRINA QUINTINO BOCAIÚVA";"053410783";"LABORATORIOS SERVIER DO BRASIL LTDA";"DV RX SERVIER1";701207;"DIAMICRON MR - C/60 CPR REV LP 30MG";"7898029552135";"Ativo";"RX PROMOVIDO";1
2024-04-30 18:42:18.297;516;"PP FPOLIS CAMPECHE I";"053410783";"LABORATORIOS SERVIER DO BRASIL LTDA";"DV RX SERVIER1";650326;"COVERSYL - C/30 CPR 4MG";"7898029551046";"Inativo";"RX PROMOVIDO";1
2024-03-05 12:07:21.087;531;"PP CX DO SUL KAYSER";"053410783";"LABORATORIOS SERVIER DO BRASIL LTDA";"DV RX SERVIER1";701207;"DIAMICRON MR - C/60 CPR REV LP 30MG";"7898029552135";"Ativo";"RX PROMOVIDO";1
2024-06-12 11:20:28.35;533;"PP FARROUPILHA BARÃO DO RIO BRANCO";"053410783";"LABORATORIOS SERVIER DO BRASIL LTDA";"DV RX SERVIER1";714485;"PROCORALAN - C/56 CPR REV 7,5MG";"7898029557154";"Ativo";"RX PROMOVIDO";1
2024-03-25 16:46:13.91;537;"PP JLLE RODRIGUES";"053410783";"LABORATORIOS SERVIER DO BRASIL LTDA";"DV PBM SERVIER";742168;"ACERTIL - C/60 CPR REV 5MG";"7898029550223";"Ativo";"RX PROMOVIDO";1
2024-04-30 10:32:16.753;537;"PP JLLE RODRIGUES";"053410783";"LABORATORIOS SERVIER DO BRASIL LTDA";"DV PBM SERVIER";731804;"ACERTANLO - C/30 CPR 14+10MG";"7898029550353";"Ativo";"RX PROMOVIDO";1
2024-03-01 15:52:41.0;547;"DC S BENTO";"053410783";"LABORATORIOS SERVIER DO BRASIL LTDA";"DV RX SERVIER1";642250;"ARCALION - C/60 CPR REV 200MG";"7898029550131";"Ativo";"RX PROMOVIDO";1
2024-07-22 08:29:03.853;570;"PP CAMPO LARGO III";"053410783";"LABORATORIOS SERVIER DO BRASIL LTDA";"DV PBM SERVIER";740229;"TRIPLIXAM - C/30 CPR REV 5+1,25+10MG";"7898029550810";"Ativo";"RX PROMOVIDO";1
2024-11-07 11:11:37.99;578;"PP JLLE DONA FRANCISCA";"053410783";"LABORATORIOS SERVIER DO BRASIL LTDA";"DV RX SERVIER1";153510;"ARCALION - C/20 DRAG 200MG";"7898029550124";"Ativo";"RX PROMOVIDO";2
2024-11-07 11:11:37.99;578;"PP JLLE DONA FRANCISCA";"053410783";"LABORATORIOS SERVIER DO BRASIL LTDA";"DV RX SERVIER1";642250;"ARCALION - C/60 CPR REV 200MG";"7898029550131";"Ativo";"RX PROMOVIDO";1
2024-03-22 09:49:44.537;582;"PP ESTÂNCIA VELHA";"053410783";"LABORATORIOS SERVIER DO BRASIL LTDA";"DV RX SERVIER1";642250;"ARCALION - C/60 CPR REV 200MG";"7898029550131";"Ativo";"RX PROMOVIDO";1
2024-09-02 09:34:25.0;584;"PP CX DO SUL PRAÇA";"053410783";"LABORATORIOS SERVIER DO BRASIL LTDA";"DV RX SERVIER1";642250;"ARCALION - C/60 CPR REV 200MG";"7898029550131";"Ativo";"RX PROMOVIDO";1
2024-03-18 17:42:00.497;589;"DC JLLE IRIRIÚ";"053410783";"LABORATORIOS SERVIER DO BRASIL LTDA";"DV RX SERVIER1";153510;"ARCALION - C/20 DRAG 200MG";"7898029550124";"Ativo";"RX PROMOVIDO";1
2024-06-09 15:47:37.18;589;"DC JLLE IRIRIÚ";"053410783";"LABORATORIOS SERVIER DO BRASIL LTDA";"DV RX SERVIER1";642250;"ARCALION - C/60 CPR REV 200MG";"7898029550131";"Ativo";"RX PROMOVIDO";1
2024-08-17 11:43:47.653;592;"DC BALNEÁRIO CAMBORIÚ";"053410783";"LABORATORIOS SERVIER DO BRASIL LTDA";"DV RX SERVIER1";701206;"DAFLON - C/60 CPR REV 450+50MG";"7898029551787";"Ativo";"RX PROMOVIDO";1
2024-08-17 11:43:47.653;592;"DC BALNEÁRIO CAMBORIÚ";"053410783";"LABORATORIOS SERVIER DO BRASIL LTDA";"DV PBM SERVIER";717464;"DIAMICRON MR - C/30 CPR LP 60MG";"7898029552203";"Ativo";"RX PROMOVIDO";1
2024-08-01 16:33:47.617;595;"PP CX DO SUL CRUZEIRO";"053410783";"LABORATORIOS SERVIER DO BRASIL LTDA";"DV RX SERVIER1";642250;"ARCALION - C/60 CPR REV 200MG";"7898029550131";"Ativo";"RX PROMOVIDO";1
2024-06-06 19:29:14.153;602;"PP PONTAL DO PARANÁ";"053410783";"LABORATORIOS SERVIER DO BRASIL LTDA";"DV RX SERVIER1";714485;"PROCORALAN - C/56 CPR REV 7,5MG";"7898029557154";"Ativo";"RX PROMOVIDO";1
2024-09-06 16:31:51.923;602;"PP PONTAL DO PARANÁ";"053410783";"LABORATORIOS SERVIER DO BRASIL LTDA";"DV RX SERVIER1";714483;"PROCORALAN - C/56 CPR REV 5MG";"7898029557123";"Ativo";"RX PROMOVIDO";1
2024-08-06 11:33:04.92;605;"PP PALHOÇA PEDRA BRANCA";"053410783";"LABORATORIOS SERVIER DO BRASIL LTDA";"DV RX SERVIER1";714483;"PROCORALAN - C/56 CPR REV 5MG";"7898029557123";"Ativo";"RX PROMOVIDO";1
2024-03-07 14:06:29.64;614;"PP CORUPÁ";"053410783";"LABORATORIOS SERVIER DO BRASIL LTDA";"DV RX SERVIER1";724832;"DAFLON - C/30 CPR REV 900+100MG";"7898029551848";"Ativo";"RX PROMOVIDO";1
2024-03-07 14:06:29.64;614;"PP CORUPÁ";"053410783";"LABORATORIOS SERVIER DO BRASIL LTDA";"DV RX SERVIER1";729219;"DAFLON - C/60 CPR REV 900+100MG";"7898029551855";"Ativo";"RX PROMOVIDO";1
2024-06-11 13:14:24.283;614;"PP CORUPÁ";"053410783";"LABORATORIOS SERVIER DO BRASIL LTDA";"DV RX SERVIER1";723610;"NATRILIX SR - C/60 CPR REV LP 1,5MG";"7898029556812";"Ativo";"RX PROMOVIDO";1
2024-06-05 15:52:09.983;628;"DC JLLE MUELLER";"053410783";"LABORATORIOS SERVIER DO BRASIL LTDA";"DV RX SERVIER1";153510;"ARCALION - C/20 DRAG 200MG";"7898029550124";"Ativo";"RX PROMOVIDO";1
2024-06-10 18:18:03.377;633;"PP BLU 7 DE SETEMBRO";"053410783";"LABORATORIOS SERVIER DO BRASIL LTDA";"DV RX SERVIER1";642250;"ARCALION - C/60 CPR REV 200MG";"7898029550131";"Ativo";"RX PROMOVIDO";1
2024-05-29 18:06:27.08;634;"DC IÇARA";"053410783";"LABORATORIOS SERVIER DO BRASIL LTDA";"DV RX SERVIER1";714485;"PROCORALAN - C/56 CPR REV 7,5MG";"7898029557154";"Ativo";"RX PROMOVIDO";1
2024-09-30 17:18:37.057;634;"DC IÇARA";"053410783";"LABORATORIOS SERVIER DO BRASIL LTDA";"DV RX SERVIER1";642250;"ARCALION - C/60 CPR REV 200MG";"7898029550131";"Ativo";"RX PROMOVIDO";1
2024-10-01 11:22:02.593;647;"DC JLLE VILA NOVA";"053410783";"LABORATORIOS SERVIER DO BRASIL LTDA";"DV RX SERVIER1";153510;"ARCALION - C/20 DRAG 200MG";"7898029550124";"Ativo";"RX PROMOVIDO";1
2024-05-08 11:40:29.34;649;"PP JLLE AVENTUREIRO II";"053410783";"LABORATORIOS SERVIER DO BRASIL LTDA";"DV PBM SERVIER";731804;"ACERTANLO - C/30 CPR 14+10MG";"7898029550353";"Ativo";"RX PROMOVIDO";1
2024-12-11 18:33:49.403;651;"DC JARAGUÁ VILA NOVA";"053410783";"LABORATORIOS SERVIER DO BRASIL LTDA";"DV PBM SERVIER";736648;"DAFLON FLEX - C/30 ENV SUSP ORAL 900+100MG";"7898029550766";"Ativo";"RX PROMOVIDO";1
2024-12-12 12:23:45.177;651;"DC JARAGUÁ VILA NOVA";"053410783";"LABORATORIOS SERVIER DO BRASIL LTDA";"DV PBM SERVIER";736648;"DAFLON FLEX - C/30 ENV SUSP ORAL 900+100MG";"7898029550766";"Ativo";"RX PROMOVIDO";1
2024-12-20 11:16:41.393;651;"DC JARAGUÁ VILA NOVA";"053410783";"LABORATORIOS SERVIER DO BRASIL LTDA";"DV PBM SERVIER";736648;"DAFLON FLEX - C/30 ENV SUSP ORAL 900+100MG";"7898029550766";"Ativo";"RX PROMOVIDO";1
2024-08-02 09:33:35.537;656;"PP S FRANCISCO DO SUL KOMPRÃO";"053410783";"LABORATORIOS SERVIER DO BRASIL LTDA";"DV RX SERVIER1";701207;"DIAMICRON MR - C/60 CPR REV LP 30MG";"7898029552135";"Ativo";"RX PROMOVIDO";1
2024-08-02 11:20:51.83;656;"PP S FRANCISCO DO SUL KOMPRÃO";"053410783";"LABORATORIOS SERVIER DO BRASIL LTDA";"DV RX SERVIER1";701207;"DIAMICRON MR - C/60 CPR REV LP 30MG";"7898029552135";"Ativo";"RX PROMOVIDO";1
2024-08-02 16:05:46.377;656;"PP S FRANCISCO DO SUL KOMPRÃO";"053410783";"LABORATORIOS SERVIER DO BRASIL LTDA";"DV RX SERVIER1";701207;"DIAMICRON MR - C/60 CPR REV LP 30MG";"7898029552135";"Ativo";"RX PROMOVIDO";1
2024-12-27 12:42:17.88;657;"PP MASSARANDUBA";"053410783";"LABORATORIOS SERVIER DO BRASIL LTDA";"DV PBM SERVIER";736648;"DAFLON FLEX - C/30 ENV SUSP ORAL 900+100MG";"7898029550766";"Ativo";"RX PROMOVIDO";1
2024-03-05 15:34:52.823;664;"PP TIJUCAS KOMPRÃO I";"053410783";"LABORATORIOS SERVIER DO BRASIL LTDA";"DV PBM SERVIER";731803;"ACERTANLO - C/30 CPR 7+5MG";"7898029550339";"Ativo";"RX PROMOVIDO";1
2024-08-15 12:30:37.987;665;"PP FPOLIS RIO VERMELHO";"053410783";"LABORATORIOS SERVIER DO BRASIL LTDA";"DV RX SERVIER1";541226;"DAFLON - C/30 CPR REV 450+50MG";"7898029551770";"Ativo";"RX PROMOVIDO";1
2024-04-26 15:52:03.0;674;"PP POA CRISTÓVÃO COLOMBO";"053410783";"LABORATORIOS SERVIER DO BRASIL LTDA";"DV RX SERVIER1";711065;"VASTAREL MR - C/30 CPR REV LP 35MG";"7898029558809";"Ativo";"RX PROMOVIDO";1
2024-04-26 15:52:03.0;674;"PP POA CRISTÓVÃO COLOMBO";"053410783";"LABORATORIOS SERVIER DO BRASIL LTDA";"DV PBM SERVIER";717464;"DIAMICRON MR - C/30 CPR LP 60MG";"7898029552203";"Ativo";"RX PROMOVIDO";1
2024-05-22 15:42:53.0;674;"PP POA CRISTÓVÃO COLOMBO";"053410783";"LABORATORIOS SERVIER DO BRASIL LTDA";"DV PBM SERVIER";717464;"DIAMICRON MR - C/30 CPR LP 60MG";"7898029552203";"Ativo";"RX PROMOVIDO";1
2024-11-04 16:44:02.0;674;"PP POA CRISTÓVÃO COLOMBO";"053410783";"LABORATORIOS SERVIER DO BRASIL LTDA";"DV RX SERVIER1";709220;"VASTAREL MR - C/60 CPR REV LP 35MG";"7898029558816";"Ativo";"RX PROMOVIDO";1
2024-03-21 12:31:11.787;677;"DC FPOLIS SANTA MÔNICA";"053410783";"LABORATORIOS SERVIER DO BRASIL LTDA";"DV RX SERVIER1";701207;"DIAMICRON MR - C/60 CPR REV LP 30MG";"7898029552135";"Ativo";"RX PROMOVIDO";1
2024-11-04 17:47:51.487;678;"PP CX DO SUL JARDIM ELDORADO";"053410783";"LABORATORIOS SERVIER DO BRASIL LTDA";"DV RX SERVIER1";642250;"ARCALION - C/60 CPR REV 200MG";"7898029550131";"Ativo";"RX PROMOVIDO";1
2024-03-08 15:31:13.293;680;"PP JLLE BOM RETIRO ALBINO";"053410783";"LABORATORIOS SERVIER DO BRASIL LTDA";"DV RX SERVIER1";153510;"ARCALION - C/20 DRAG 200MG";"7898029550124";"Ativo";"RX PROMOVIDO";1
2024-03-02 13:01:50.253;683;"PP POA SALVADOR FRANÇA";"053410783";"LABORATORIOS SERVIER DO BRASIL LTDA";"DV RX SERVIER1";701207;"DIAMICRON MR - C/60 CPR REV LP 30MG";"7898029552135";"Ativo";"RX PROMOVIDO";1
2024-07-22 10:25:13.637;685;"PP LONDRINA DUQUE DE CAXIAS";"053410783";"LABORATORIOS SERVIER DO BRASIL LTDA";"DV PBM SERVIER";717464;"DIAMICRON MR - C/30 CPR LP 60MG";"7898029552203";"Ativo";"RX PROMOVIDO";1
2024-12-27 16:21:20.037;691;"PP S JOSÉ BARREIROS";"053410783";"LABORATORIOS SERVIER DO BRASIL LTDA";"DV RX SERVIER1";153510;"ARCALION - C/20 DRAG 200MG";"7898029550124";"Ativo";"RX PROMOVIDO";1
2024-05-23 16:54:50.08;693;"DC PALHOÇA";"053410783";"LABORATORIOS SERVIER DO BRASIL LTDA";"DV PBM SERVIER";731804;"ACERTANLO - C/30 CPR 14+10MG";"7898029550353";"Ativo";"RX PROMOVIDO";1
2024-06-28 16:08:33.817;698;"PP JLLE ALBANO SCHMIDT";"053410783";"LABORATORIOS SERVIER DO BRASIL LTDA";"DV RX SERVIER1";153510;"ARCALION - C/20 DRAG 200MG";"7898029550124";"Ativo";"RX PROMOVIDO";1
2024-05-12 05:14:14.0;723;"DC ITAJAÍ MARCOS KONDER";"053410783";"LABORATORIOS SERVIER DO BRASIL LTDA";"DV PBM SERVIER";731804;"ACERTANLO - C/30 CPR 14+10MG";"7898029550353";"Ativo";"RX PROMOVIDO";1
2024-07-19 07:14:38.0;723;"DC ITAJAÍ MARCOS KONDER";"053410783";"LABORATORIOS SERVIER DO BRASIL LTDA";"DV PBM SERVIER";740229;"TRIPLIXAM - C/30 CPR REV 5+1,25+10MG";"7898029550810";"Ativo";"RX PROMOVIDO";1
2024-08-05 16:02:52.967;728;"DC JLLE DONA HELENA";"053410783";"LABORATORIOS SERVIER DO BRASIL LTDA";"DV RX SERVIER1";701207;"DIAMICRON MR - C/60 CPR REV LP 30MG";"7898029552135";"Ativo";"RX PROMOVIDO";1
2024-11-24 14:34:05.337;741;"DC JLLE AMÉRICA";"053410783";"LABORATORIOS SERVIER DO BRASIL LTDA";"DV RX SERVIER1";153510;"ARCALION - C/20 DRAG 200MG";"7898029550124";"Ativo";"RX PROMOVIDO";1
2024-08-08 11:31:33.68;749;"PP JARAGUÁ KOMPRÃO RIO MOLHA";"053410783";"LABORATORIOS SERVIER DO BRASIL LTDA";"DV RX SERVIER1";714483;"PROCORALAN - C/56 CPR REV 5MG";"7898029557123";"Ativo";"RX PROMOVIDO";1
2024-03-26 16:10:24.17;750;"DC JLLE SANTA CATARINA";"053410783";"LABORATORIOS SERVIER DO BRASIL LTDA";"DV RX SERVIER1";153510;"ARCALION - C/20 DRAG 200MG";"7898029550124";"Ativo";"RX PROMOVIDO";1
2025-01-06 14:35:54.207;750;"DC JLLE SANTA CATARINA";"053410783";"LABORATORIOS SERVIER DO BRASIL LTDA";"DV RX SERVIER1";714483;"PROCORALAN - C/56 CPR REV 5MG";"7898029557123";"Ativo";"RX PROMOVIDO";1
2025-01-14 16:52:24.333;752;"PP RIO DO SUL I";"053410783";"LABORATORIOS SERVIER DO BRASIL LTDA";"DV RX SERVIER1";704825;"COVERSYL PLUS - C/30 CPR 4+1,25MG";"7898029551244";"Inativo";"RX PROMOVIDO";1
2025-01-15 10:28:09.373;752;"PP RIO DO SUL I";"053410783";"LABORATORIOS SERVIER DO BRASIL LTDA";"DV RX SERVIER1";704825;"COVERSYL PLUS - C/30 CPR 4+1,25MG";"7898029551244";"Inativo";"RX PROMOVIDO";1
2025-01-17 09:56:43.067;752;"PP RIO DO SUL I";"053410783";"LABORATORIOS SERVIER DO BRASIL LTDA";"DV RX SERVIER1";704825;"COVERSYL PLUS - C/30 CPR 4+1,25MG";"7898029551244";"Inativo";"RX PROMOVIDO";1
2024-10-14 12:55:22.227;753;"PP CTBA ÉBANO";"053410783";"LABORATORIOS SERVIER DO BRASIL LTDA";"DV RX SERVIER1";642250;"ARCALION - C/60 CPR REV 200MG";"7898029550131";"Ativo";"RX PROMOVIDO";1
2024-12-07 10:32:59.017;753;"PP CTBA ÉBANO";"053410783";"LABORATORIOS SERVIER DO BRASIL LTDA";"DV RX SERVIER1";642250;"ARCALION - C/60 CPR REV 200MG";"7898029550131";"Ativo";"RX PROMOVIDO";1
2024-07-22 18:42:49.863;754;"PP LAGES CORAL";"053410783";"LABORATORIOS SERVIER DO BRASIL LTDA";"DV PBM SERVIER";740229;"TRIPLIXAM - C/30 CPR REV 5+1,25+10MG";"7898029550810";"Ativo";"RX PROMOVIDO";1
2024-06-03 15:59:26.813;755;"PP CANOINHAS I";"053410783";"LABORATORIOS SERVIER DO BRASIL LTDA";"DV RX SERVIER1";642250;"ARCALION - C/60 CPR REV 200MG";"7898029550131";"Ativo";"RX PROMOVIDO";1
2024-11-26 16:57:28.357;760;"PP BLU SANTO ANTONIO";"053410783";"LABORATORIOS SERVIER DO BRASIL LTDA";"DV RX SERVIER1";153510;"ARCALION - C/20 DRAG 200MG";"7898029550124";"Ativo";"RX PROMOVIDO";1
2024-11-26 16:46:50.197;765;"DC FPOLIS BEIRA MAR";"053410783";"LABORATORIOS SERVIER DO BRASIL LTDA";"DV RX SERVIER1";153510;"ARCALION - C/20 DRAG 200MG";"7898029550124";"Ativo";"RX PROMOVIDO";1
2024-03-03 16:47:39.62;766;"PP BLU VELHA";"053410783";"LABORATORIOS SERVIER DO BRASIL LTDA";"DV RX SERVIER1";153510;"ARCALION - C/20 DRAG 200MG";"7898029550124";"Ativo";"RX PROMOVIDO";1
2024-06-09 17:47:46.197;766;"PP BLU VELHA";"053410783";"LABORATORIOS SERVIER DO BRASIL LTDA";"DV RX SERVIER1";642250;"ARCALION - C/60 CPR REV 200MG";"7898029550131";"Ativo";"RX PROMOVIDO";1
2024-04-30 14:36:18.053;771;"PP LAGUNA I";"053410783";"LABORATORIOS SERVIER DO BRASIL LTDA";"DV RX SERVIER1";153510;"ARCALION - C/20 DRAG 200MG";"7898029550124";"Ativo";"RX PROMOVIDO";1
2024-04-25 11:56:23.987;772;"PP ITAJAÍ SÃO JOÃO";"053410783";"LABORATORIOS SERVIER DO BRASIL LTDA";"DV RX SERVIER1";650326;"COVERSYL - C/30 CPR 4MG";"7898029551046";"Inativo";"RX PROMOVIDO";1
2024-07-29 08:56:15.26;774;"PP S FRANCISCO DO SUL I";"053410783";"LABORATORIOS SERVIER DO BRASIL LTDA";"DV RX SERVIER1";153510;"ARCALION - C/20 DRAG 200MG";"7898029550124";"Ativo";"RX PROMOVIDO";1
2024-09-18 12:19:32.037;774;"PP S FRANCISCO DO SUL I";"053410783";"LABORATORIOS SERVIER DO BRASIL LTDA";"DV RX SERVIER1";642250;"ARCALION - C/60 CPR REV 200MG";"7898029550131";"Ativo";"RX PROMOVIDO";1
2024-06-13 16:16:37.857;785;"PP POMERODE I";"053410783";"LABORATORIOS SERVIER DO BRASIL LTDA";"DV PBM SERVIER";739346;"VASTAREL LP - C/30 CAPS LP 80MG";"7898029558755";"Ativo";"RX PROMOVIDO";1
2024-02-08 15:15:14.23;787;"PP FPOLIS TRINDADE";"053410783";"LABORATORIOS SERVIER DO BRASIL LTDA";"DV PBM SERVIER";740229;"TRIPLIXAM - C/30 CPR REV 5+1,25+10MG";"7898029550810";"Ativo";"RX PROMOVIDO";1
2024-04-11 18:51:11.393;787;"PP FPOLIS TRINDADE";"053410783";"LABORATORIOS SERVIER DO BRASIL LTDA";"DV PBM SERVIER";731802;"ACERTANLO - C/30 CPR 3,5+2,5MG";"7898029550315";"Ativo";"RX PROMOVIDO";1
2024-04-11 19:10:08.51;787;"PP FPOLIS TRINDADE";"053410783";"LABORATORIOS SERVIER DO BRASIL LTDA";"DV PBM SERVIER";731802;"ACERTANLO - C/30 CPR 3,5+2,5MG";"7898029550315";"Ativo";"RX PROMOVIDO";1
2024-04-11 19:18:33.013;787;"PP FPOLIS TRINDADE";"053410783";"LABORATORIOS SERVIER DO BRASIL LTDA";"DV PBM SERVIER";731802;"ACERTANLO - C/30 CPR 3,5+2,5MG";"7898029550315";"Ativo";"RX PROMOVIDO";1
2024-08-09 17:05:13.853;790;"DC JLLE BENJAMIN CONSTANT";"053410783";"LABORATORIOS SERVIER DO BRASIL LTDA";"DV RX SERVIER1";642250;"ARCALION - C/60 CPR REV 200MG";"7898029550131";"Ativo";"RX PROMOVIDO";1
2024-04-08 12:54:27.323;801;"PP IMBITUBA I";"053410783";"LABORATORIOS SERVIER DO BRASIL LTDA";"DV RX SERVIER1";153510;"ARCALION - C/20 DRAG 200MG";"7898029550124";"Ativo";"RX PROMOVIDO";1
2024-04-03 17:20:03.107;806;"PP TIJUCAS I";"053410783";"LABORATORIOS SERVIER DO BRASIL LTDA";"DV RX SERVIER1";642250;"ARCALION - C/60 CPR REV 200MG";"7898029550131";"Ativo";"RX PROMOVIDO";1
2024-06-02 10:14:55.07;806;"PP TIJUCAS I";"053410783";"LABORATORIOS SERVIER DO BRASIL LTDA";"DV RX SERVIER1";153510;"ARCALION - C/20 DRAG 200MG";"7898029550124";"Ativo";"RX PROMOVIDO";1
2024-08-02 09:11:51.127;814;"PP S JOSÉ FORQUILHINHAS";"053410783";"LABORATORIOS SERVIER DO BRASIL LTDA";"DV PBM SERVIER";740229;"TRIPLIXAM - C/30 CPR REV 5+1,25+10MG";"7898029550810";"Ativo";"RX PROMOVIDO";1
2024-05-06 16:09:20.197;816;"PP CTBA NOVO MUNDO I";"053410783";"LABORATORIOS SERVIER DO BRASIL LTDA";"DV PBM SERVIER";731804;"ACERTANLO - C/30 CPR 14+10MG";"7898029550353";"Ativo";"RX PROMOVIDO";1
2024-07-25 17:03:38.393;816;"PP CTBA NOVO MUNDO I";"053410783";"LABORATORIOS SERVIER DO BRASIL LTDA";"DV RX SERVIER1";642250;"ARCALION - C/60 CPR REV 200MG";"7898029550131";"Ativo";"RX PROMOVIDO";1
2024-02-28 16:54:20.967;819;"PP CTBA RIACHUELO";"053410783";"LABORATORIOS SERVIER DO BRASIL LTDA";"DV RX SERVIER1";679304;"HYPERIUM - C/30 CPR 1MG";"7898029552548";"Inativo";"RX PROMOVIDO";1
2024-07-29 16:33:26.187;820;"PP JLLE AVENTUREIRO I";"053410783";"LABORATORIOS SERVIER DO BRASIL LTDA";"DV RX SERVIER1";729219;"DAFLON - C/60 CPR REV 900+100MG";"7898029551855";"Ativo";"RX PROMOVIDO";1
2024-06-29 20:26:19.167;827;"PP GRAVATAÍ I";"053410783";"LABORATORIOS SERVIER DO BRASIL LTDA";"DV PBM SERVIER";731803;"ACERTANLO - C/30 CPR 7+5MG";"7898029550339";"Ativo";"RX PROMOVIDO";1
2024-12-30 17:55:40.167;827;"PP GRAVATAÍ I";"053410783";"LABORATORIOS SERVIER DO BRASIL LTDA";"DV PBM SERVIER";742167;"ACERTALIX - C/30 CPR REV 10+2,5MG";"7898029550421";"Ativo";"RX PROMOVIDO";1
2024-10-01 20:35:40.813;830;"PP COLOMBO";"053410783";"LABORATORIOS SERVIER DO BRASIL LTDA";"DV PBM SERVIER";740229;"TRIPLIXAM - C/30 CPR REV 5+1,25+10MG";"7898029550810";"Ativo";"RX PROMOVIDO";2
2024-07-22 11:15:15.82;831;"PP CTBA PORTÃO";"053410783";"LABORATORIOS SERVIER DO BRASIL LTDA";"DV PBM SERVIER";740229;"TRIPLIXAM - C/30 CPR REV 5+1,25+10MG";"7898029550810";"Ativo";"RX PROMOVIDO";1
2024-02-20 13:58:25.34;836;"PP CAMPO MOURÃO";"053410783";"LABORATORIOS SERVIER DO BRASIL LTDA";"DV RX SERVIER1";711065;"VASTAREL MR - C/30 CPR REV LP 35MG";"7898029558809";"Ativo";"RX PROMOVIDO";1
2024-06-20 10:57:47.957;837;"PP CHAPECÓ GETÚLIO I";"053410783";"LABORATORIOS SERVIER DO BRASIL LTDA";"DV RX SERVIER1";642250;"ARCALION - C/60 CPR REV 200MG";"7898029550131";"Ativo";"RX PROMOVIDO";1
2024-03-30 07:27:05.857;839;"PP FPOLIS DEODORO";"053410783";"LABORATORIOS SERVIER DO BRASIL LTDA";"DV RX SERVIER1";153510;"ARCALION - C/20 DRAG 200MG";"7898029550124";"Ativo";"RX PROMOVIDO";1
2024-12-02 15:50:50.153;852;"PP JLLE PARANAGUAMIRIM";"053410783";"LABORATORIOS SERVIER DO BRASIL LTDA";"DV RX SERVIER1";642250;"ARCALION - C/60 CPR REV 200MG";"7898029550131";"Ativo";"RX PROMOVIDO";1
2024-03-25 18:55:51.817;853;"PP ITAJAÍ FORT";"053410783";"LABORATORIOS SERVIER DO BRASIL LTDA";"DV RX SERVIER1";650326;"COVERSYL - C/30 CPR 4MG";"7898029551046";"Inativo";"RX PROMOVIDO";1
2025-01-08 10:27:12.087;853;"PP ITAJAÍ FORT";"053410783";"LABORATORIOS SERVIER DO BRASIL LTDA";"DV RX SERVIER1";704825;"COVERSYL PLUS - C/30 CPR 4+1,25MG";"7898029551244";"Inativo";"RX PROMOVIDO";1
2024-02-28 15:31:21.97;861;"PP CORNÉLIO PROCÓPIO";"053410783";"LABORATORIOS SERVIER DO BRASIL LTDA";"DV PBM SERVIER";731802;"ACERTANLO - C/30 CPR 3,5+2,5MG";"7898029550315";"Ativo";"RX PROMOVIDO";1
2024-05-31 16:31:06.5;862;"PP CTBA ANITA GARIBALDI";"053410783";"LABORATORIOS SERVIER DO BRASIL LTDA";"DV PBM SERVIER";721815;"DIAMICRON MR - C/60 CPR REV LP 60MG";"7898029552210";"Ativo";"RX PROMOVIDO";1
2025-01-31 09:53:01.193;862;"PP CTBA ANITA GARIBALDI";"053410783";"LABORATORIOS SERVIER DO BRASIL LTDA";"DV RX SERVIER1";541226;"DAFLON - C/30 CPR REV 450+50MG";"7898029551770";"Ativo";"RX PROMOVIDO";1
2024-06-10 09:28:44.73;863;"PP CTBA SERRO AZUL";"053410783";"LABORATORIOS SERVIER DO BRASIL LTDA";"DV RX SERVIER1";714485;"PROCORALAN - C/56 CPR REV 7,5MG";"7898029557154";"Ativo";"RX PROMOVIDO";1
2024-10-29 11:18:47.203;869;"PP PONTA GROSSA II";"053410783";"LABORATORIOS SERVIER DO BRASIL LTDA";"DV RX SERVIER1";714485;"PROCORALAN - C/56 CPR REV 7,5MG";"7898029557154";"Ativo";"RX PROMOVIDO";1
2024-09-27 16:48:04.633;877;"DC CRICIÚMA CENTENÁRIO";"053410783";"LABORATORIOS SERVIER DO BRASIL LTDA";"DV RX SERVIER1";642250;"ARCALION - C/60 CPR REV 200MG";"7898029550131";"Ativo";"RX PROMOVIDO";1
2024-06-29 17:20:06.187;887;"PP TELÊMACO BORBA";"053410783";"LABORATORIOS SERVIER DO BRASIL LTDA";"DV RX SERVIER1";701207;"DIAMICRON MR - C/60 CPR REV LP 30MG";"7898029552135";"Ativo";"RX PROMOVIDO";1
2024-07-30 16:10:05.42;888;"PP CTBA SANTA FELICIDADE";"053410783";"LABORATORIOS SERVIER DO BRASIL LTDA";"DV PBM SERVIER";740229;"TRIPLIXAM - C/30 CPR REV 5+1,25+10MG";"7898029550810";"Ativo";"RX PROMOVIDO";1
2024-07-27 14:02:15.58;889;"PP JLLE SANTA CATARINA";"053410783";"LABORATORIOS SERVIER DO BRASIL LTDA";"DV RX SERVIER1";701206;"DAFLON - C/60 CPR REV 450+50MG";"7898029551787";"Ativo";"RX PROMOVIDO";1
2024-07-27 14:03:32.853;889;"PP JLLE SANTA CATARINA";"053410783";"LABORATORIOS SERVIER DO BRASIL LTDA";"DV RX SERVIER1";701206;"DAFLON - C/60 CPR REV 450+50MG";"7898029551787";"Ativo";"RX PROMOVIDO";1
2024-07-27 14:14:40.75;889;"PP JLLE SANTA CATARINA";"053410783";"LABORATORIOS SERVIER DO BRASIL LTDA";"DV RX SERVIER1";701206;"DAFLON - C/60 CPR REV 450+50MG";"7898029551787";"Ativo";"RX PROMOVIDO";1
2024-07-04 12:16:59.493;890;"PP JLLE JOÃO COLIN II";"053410783";"LABORATORIOS SERVIER DO BRASIL LTDA";"DV RX SERVIER1";642250;"ARCALION - C/60 CPR REV 200MG";"7898029550131";"Ativo";"RX PROMOVIDO";1
2025-01-04 09:52:53.27;890;"PP JLLE JOÃO COLIN II";"053410783";"LABORATORIOS SERVIER DO BRASIL LTDA";"DV RX SERVIER1";701206;"DAFLON - C/60 CPR REV 450+50MG";"7898029551787";"Ativo";"RX PROMOVIDO";1
2024-06-29 19:51:29.24;891;"PP PIÇARRAS";"053410783";"LABORATORIOS SERVIER DO BRASIL LTDA";"DV RX SERVIER1";642250;"ARCALION - C/60 CPR REV 200MG";"7898029550131";"Ativo";"RX PROMOVIDO";1
2024-02-22 14:22:42.837;893;"PP GASPAR ST TEREZINHA";"053410783";"LABORATORIOS SERVIER DO BRASIL LTDA";"DV RX SERVIER1";153510;"ARCALION - C/20 DRAG 200MG";"7898029550124";"Ativo";"RX PROMOVIDO";1
2024-03-13 11:32:20.62;895;"PP S JOSÉ BISTEK";"053410783";"LABORATORIOS SERVIER DO BRASIL LTDA";"DV RX SERVIER1";650326;"COVERSYL - C/30 CPR 4MG";"7898029551046";"Inativo";"RX PROMOVIDO";1
2024-02-27 15:51:04.457;897;"PP MARECHAL CÂNDIDO RONDON I";"053410783";"LABORATORIOS SERVIER DO BRASIL LTDA";"DV PBM SERVIER";717464;"DIAMICRON MR - C/30 CPR LP 60MG";"7898029552203";"Ativo";"RX PROMOVIDO";1
2024-04-04 13:14:54.607;901;"PP FPOLIS CEISA CENTER";"053410783";"LABORATORIOS SERVIER DO BRASIL LTDA";"DV PBM SERVIER";731804;"ACERTANLO - C/30 CPR 14+10MG";"7898029550353";"Ativo";"RX PROMOVIDO";1
2024-06-26 13:12:05.77;909;"PP BRUSQUE ÁGUAS CLARAS";"053410783";"LABORATORIOS SERVIER DO BRASIL LTDA";"DV RX SERVIER1";153510;"ARCALION - C/20 DRAG 200MG";"7898029550124";"Ativo";"RX PROMOVIDO";1
2024-06-26 13:12:05.77;909;"PP BRUSQUE ÁGUAS CLARAS";"053410783";"LABORATORIOS SERVIER DO BRASIL LTDA";"DV RX SERVIER1";642250;"ARCALION - C/60 CPR REV 200MG";"7898029550131";"Ativo";"RX PROMOVIDO";1
2024-08-31 15:50:54.687;912;"PP CIANORTE I";"053410783";"LABORATORIOS SERVIER DO BRASIL LTDA";"DV RX SERVIER1";729219;"DAFLON - C/60 CPR REV 900+100MG";"7898029551855";"Ativo";"RX PROMOVIDO";1
2024-08-01 20:14:17.163;917;"PP CTBA CABRAL";"053410783";"LABORATORIOS SERVIER DO BRASIL LTDA";"DV PBM SERVIER";740229;"TRIPLIXAM - C/30 CPR REV 5+1,25+10MG";"7898029550810";"Ativo";"RX PROMOVIDO";1
2024-12-05 14:36:37.637;919;"PP FRANCISCO BELTRÃO I";"053410783";"LABORATORIOS SERVIER DO BRASIL LTDA";"DV RX SERVIER1";153510;"ARCALION - C/20 DRAG 200MG";"7898029550124";"Ativo";"RX PROMOVIDO";1
2024-02-14 11:33:16.953;922;"PP JLLE VILA NOVA";"053410783";"LABORATORIOS SERVIER DO BRASIL LTDA";"DV RX SERVIER1";704825;"COVERSYL PLUS - C/30 CPR 4+1,25MG";"7898029551244";"Inativo";"RX PROMOVIDO";1
2024-02-07 11:47:05.17;930;"PP PINHAIS";"053410783";"LABORATORIOS SERVIER DO BRASIL LTDA";"DV PBM SERVIER";717464;"DIAMICRON MR - C/30 CPR LP 60MG";"7898029552203";"Ativo";"RX PROMOVIDO";1
2024-02-07 11:47:05.17;930;"PP PINHAIS";"053410783";"LABORATORIOS SERVIER DO BRASIL LTDA";"DV PBM SERVIER";740229;"TRIPLIXAM - C/30 CPR REV 5+1,25+10MG";"7898029550810";"Ativo";"RX PROMOVIDO";1
2024-03-15 11:54:49.767;935;"PP S FRANCISCO DO SUL II";"053410783";"LABORATORIOS SERVIER DO BRASIL LTDA";"DV RX SERVIER1";650326;"COVERSYL - C/30 CPR 4MG";"7898029551046";"Inativo";"RX PROMOVIDO";1
2024-03-18 12:54:19.493;940;"PP BLU FORTALEZA I";"053410783";"LABORATORIOS SERVIER DO BRASIL LTDA";"DV RX SERVIER1";153510;"ARCALION - C/20 DRAG 200MG";"7898029550124";"Ativo";"RX PROMOVIDO";1
2024-07-31 15:31:15.66;945;"PP CTBA FAZENDINHA";"053410783";"LABORATORIOS SERVIER DO BRASIL LTDA";"DV PBM SERVIER";740229;"TRIPLIXAM - C/30 CPR REV 5+1,25+10MG";"7898029550810";"Ativo";"RX PROMOVIDO";1
2024-02-28 17:23:32.933;949;"PP MARECHAL CANDIDO RONDON II";"053410783";"LABORATORIOS SERVIER DO BRASIL LTDA";"DV RX SERVIER1";711065;"VASTAREL MR - C/30 CPR REV LP 35MG";"7898029558809";"Ativo";"RX PROMOVIDO";2
2024-06-28 16:34:21.707;950;"PP CAMPO GRANDE";"053410783";"LABORATORIOS SERVIER DO BRASIL LTDA";"DV RX SERVIER1";153510;"ARCALION - C/20 DRAG 200MG";"7898029550124";"Ativo";"RX PROMOVIDO";1
2024-07-12 14:03:53.937;951;"PP DOURADOS III";"053410783";"LABORATORIOS SERVIER DO BRASIL LTDA";"DV RX SERVIER1";153510;"ARCALION - C/20 DRAG 200MG";"7898029550124";"Ativo";"RX PROMOVIDO";1
2024-07-12 14:03:53.937;951;"PP DOURADOS III";"053410783";"LABORATORIOS SERVIER DO BRASIL LTDA";"DV RX SERVIER1";642250;"ARCALION - C/60 CPR REV 200MG";"7898029550131";"Ativo";"RX PROMOVIDO";1
2024-09-02 16:41:45.263;951;"PP DOURADOS III";"053410783";"LABORATORIOS SERVIER DO BRASIL LTDA";"DV PBM SERVIER";742168;"ACERTIL - C/60 CPR REV 5MG";"7898029550223";"Ativo";"RX PROMOVIDO";1
2024-12-04 09:42:50.433;953;"PP BARRA VELHA";"053410783";"LABORATORIOS SERVIER DO BRASIL LTDA";"DV RX SERVIER1";714485;"PROCORALAN - C/56 CPR REV 7,5MG";"7898029557154";"Ativo";"RX PROMOVIDO";1
2024-04-12 11:09:17.367;959;"PP JARAGUÁ MARECHAL II";"053410783";"LABORATORIOS SERVIER DO BRASIL LTDA";"DV RX SERVIER1";729219;"DAFLON - C/60 CPR REV 900+100MG";"7898029551855";"Ativo";"RX PROMOVIDO";1
2024-04-10 16:25:50.977;966;"PP ITAPEMA";"053410783";"LABORATORIOS SERVIER DO BRASIL LTDA";"DV RX SERVIER1";650326;"COVERSYL - C/30 CPR 4MG";"7898029551046";"Inativo";"RX PROMOVIDO";1
2024-05-23 11:39:09.49;968;"PP POA BORGES DE MEDEIROS";"053410783";"LABORATORIOS SERVIER DO BRASIL LTDA";"DV RX SERVIER1";714485;"PROCORALAN - C/56 CPR REV 7,5MG";"7898029557154";"Ativo";"RX PROMOVIDO";1
2024-06-29 10:53:16.687;968;"PP POA BORGES DE MEDEIROS";"053410783";"LABORATORIOS SERVIER DO BRASIL LTDA";"DV RX SERVIER1";642250;"ARCALION - C/60 CPR REV 200MG";"7898029550131";"Ativo";"RX PROMOVIDO";1
2024-04-15 15:24:07.607;969;"PP POA OTÁVIO ROCHA";"053410783";"LABORATORIOS SERVIER DO BRASIL LTDA";"DV PBM SERVIER";731804;"ACERTANLO - C/30 CPR 14+10MG";"7898029550353";"Ativo";"RX PROMOVIDO";1
2024-07-23 10:45:33.717;970;"PP CASCAVEL MUFFATÃO";"053410783";"LABORATORIOS SERVIER DO BRASIL LTDA";"DV PBM SERVIER";740229;"TRIPLIXAM - C/30 CPR REV 5+1,25+10MG";"7898029550810";"Ativo";"RX PROMOVIDO";1
2024-07-02 12:18:52.997;973;"PP DOURADOS II";"053410783";"LABORATORIOS SERVIER DO BRASIL LTDA";"DV RX SERVIER1";642250;"ARCALION - C/60 CPR REV 200MG";"7898029550131";"Ativo";"RX PROMOVIDO";1
2024-06-28 17:56:57.17;974;"PP JLLE COSTA E SILVA";"053410783";"LABORATORIOS SERVIER DO BRASIL LTDA";"DV RX SERVIER1";642250;"ARCALION - C/60 CPR REV 200MG";"7898029550131";"Ativo";"RX PROMOVIDO";1
2024-12-20 08:24:36.6;976;"PP ITAJAÍ SÃO VICENTE";"053410783";"LABORATORIOS SERVIER DO BRASIL LTDA";"DV RX SERVIER1";642250;"ARCALION - C/60 CPR REV 200MG";"7898029550131";"Ativo";"RX PROMOVIDO";1
2024-05-23 17:57:08.83;981;"PP MARAVILHA";"053410783";"LABORATORIOS SERVIER DO BRASIL LTDA";"DV RX SERVIER1";714483;"PROCORALAN - C/56 CPR REV 5MG";"7898029557123";"Ativo";"RX PROMOVIDO";1
2024-07-29 10:15:24.27;982;"PP STO AMARO DA IMPERATRIZ";"053410783";"LABORATORIOS SERVIER DO BRASIL LTDA";"DV PBM SERVIER";740229;"TRIPLIXAM - C/30 CPR REV 5+1,25+10MG";"7898029550810";"Ativo";"RX PROMOVIDO";1
2024-10-08 17:32:12.39;984;"PP POA JUCA BATISTA";"053410783";"LABORATORIOS SERVIER DO BRASIL LTDA";"DV RX SERVIER1";714485;"PROCORALAN - C/56 CPR REV 7,5MG";"7898029557154";"Ativo";"RX PROMOVIDO";1
2025-01-10 12:39:56.847;984;"PP POA JUCA BATISTA";"053410783";"LABORATORIOS SERVIER DO BRASIL LTDA";"DV PBM SERVIER";736648;"DAFLON FLEX - C/30 ENV SUSP ORAL 900+100MG";"7898029550766";"Ativo";"RX PROMOVIDO";2
2024-06-03 11:12:26.517;987;"PP TIMBÓ II";"053410783";"LABORATORIOS SERVIER DO BRASIL LTDA";"DV RX SERVIER1";153510;"ARCALION - C/20 DRAG 200MG";"7898029550124";"Ativo";"RX PROMOVIDO";2
2024-06-03 11:12:26.517;987;"PP TIMBÓ II";"053410783";"LABORATORIOS SERVIER DO BRASIL LTDA";"DV RX SERVIER1";642250;"ARCALION - C/60 CPR REV 200MG";"7898029550131";"Ativo";"RX PROMOVIDO";2
2024-06-03 16:24:38.21;989;"PP JLLE KOMPRÃO BOA VISTA";"053410783";"LABORATORIOS SERVIER DO BRASIL LTDA";"DV RX SERVIER1";709220;"VASTAREL MR - C/60 CPR REV LP 35MG";"7898029558816";"Ativo";"RX PROMOVIDO";1
2024-06-03 16:24:38.21;989;"PP JLLE KOMPRÃO BOA VISTA";"053410783";"LABORATORIOS SERVIER DO BRASIL LTDA";"DV RX SERVIER1";711065;"VASTAREL MR - C/30 CPR REV LP 35MG";"7898029558809";"Ativo";"RX PROMOVIDO";1
2024-06-03 16:24:38.21;989;"PP JLLE KOMPRÃO BOA VISTA";"053410783";"LABORATORIOS SERVIER DO BRASIL LTDA";"DV PBM SERVIER";721815;"DIAMICRON MR - C/60 CPR REV LP 60MG";"7898029552210";"Ativo";"RX PROMOVIDO";1
2024-06-03 16:24:38.21;989;"PP JLLE KOMPRÃO BOA VISTA";"053410783";"LABORATORIOS SERVIER DO BRASIL LTDA";"DV RX SERVIER1";729219;"DAFLON - C/60 CPR REV 900+100MG";"7898029551855";"Ativo";"RX PROMOVIDO";1
2024-06-03 16:24:38.21;989;"PP JLLE KOMPRÃO BOA VISTA";"053410783";"LABORATORIOS SERVIER DO BRASIL LTDA";"DV PBM SERVIER";739346;"VASTAREL LP - C/30 CAPS LP 80MG";"7898029558755";"Ativo";"RX PROMOVIDO";1
