cd_filial;"de_filial";"cd_fornecedor";"nm_fornecedor_razao_social";"nm_divisao";cd_produto;"de_produto";"de_codigo_barras";"id_situacao_produto";"de_categoria_mercadologica";dt_validade;qtde_prestes
39;"DC CHAPECÓ I";"053410783";"LABORATORIOS SERVIER DO BRASIL LTDA";"DV RX SERVIER1";153510;"ARCALION - C/20 DRAG 200MG";"7898029550124";"Ativo";"RX PROMOVIDO";2025-02-28 00:00:00.0;1
71;"DC ITAJAÍ I";"053410783";"LABORATORIOS SERVIER DO BRASIL LTDA";"DV RX SERVIER1";729219;"DAFLON - C/60 CPR REV 900+100MG";"7898029551855";"Ativo";"RX PROMOVIDO";2025-03-31 00:00:00.0;1
111;"PP CRICIÚMA LUIZ LAZZARIN";"053410783";"LABORATORIOS SERVIER DO BRASIL LTDA";"DV RX SERVIER1";709220;"VASTAREL MR - C/60 CPR REV LP 35MG";"7898029558816";"Ativo";"RX PROMOVIDO";2025-05-30 00:00:00.0;1
115;"PP CX DO SUL HERCULES GALLÓ";"053410783";"LABORATORIOS SERVIER DO BRASIL LTDA";"DV PBM SERVIER";739346;"VASTAREL LP - C/30 CAPS LP 80MG";"7898029558755";"Ativo";"RX PROMOVIDO";2025-07-01 00:00:00.0;1
116;"PP BRUSQUE GUARANI";"053410783";"LABORATORIOS SERVIER DO BRASIL LTDA";"DV RX SERVIER1";709220;"VASTAREL MR - C/60 CPR REV LP 35MG";"7898029558816";"Ativo";"RX PROMOVIDO";2025-06-30 00:00:00.0;1
119;"PP ARAQUARI KOMPRÃO";"053410783";"LABORATORIOS SERVIER DO BRASIL LTDA";"DV RX SERVIER1";684478;"NATRILIX SR - C/30 CPR REV LP 1,5MG";"7898029556829";"Ativo";"RX PROMOVIDO";2025-03-01 00:00:00.0;1
121;"PP COXIM II";"053410783";"LABORATORIOS SERVIER DO BRASIL LTDA";"DV RX SERVIER1";612085;"NATRILIX - C/30 CPR REV 2,5MG";"7898029556539";"Ativo";"RX PROMOVIDO";2025-06-30 00:00:00.0;1
122;"PP SAO GABRIEL DO OESTE";"053410783";"LABORATORIOS SERVIER DO BRASIL LTDA";"DV RX SERVIER1";724832;"DAFLON - C/30 CPR REV 900+100MG";"7898029551848";"Ativo";"RX PROMOVIDO";2025-05-01 00:00:00.0;1
122;"PP SAO GABRIEL DO OESTE";"053410783";"LABORATORIOS SERVIER DO BRASIL LTDA";"DV PBM SERVIER";736459;"ACERTIL - C/60 CPR REV 10MG";"7898029550254";"Ativo";"RX PROMOVIDO";2025-03-01 00:00:00.0;1
140;"DC NAVEGANTES II";"053410783";"LABORATORIOS SERVIER DO BRASIL LTDA";"DV RX SERVIER1";709220;"VASTAREL MR - C/60 CPR REV LP 35MG";"7898029558816";"Ativo";"RX PROMOVIDO";2025-03-31 00:00:00.0;1
140;"DC NAVEGANTES II";"053410783";"LABORATORIOS SERVIER DO BRASIL LTDA";"DV PBM SERVIER";736648;"DAFLON FLEX - C/30 ENV SUSP ORAL 900+100MG";"7898029550766";"Ativo";"RX PROMOVIDO";2025-03-01 00:00:00.0;1
147;"PP NOVA TRENTO";"053410783";"LABORATORIOS SERVIER DO BRASIL LTDA";"DV RX SERVIER1";711065;"VASTAREL MR - C/30 CPR REV LP 35MG";"7898029558809";"Ativo";"RX PROMOVIDO";2025-03-30 00:00:00.0;1
147;"PP NOVA TRENTO";"053410783";"LABORATORIOS SERVIER DO BRASIL LTDA";"DV PBM SERVIER";739346;"VASTAREL LP - C/30 CAPS LP 80MG";"7898029558755";"Ativo";"RX PROMOVIDO";2025-07-30 00:00:00.0;1
150;"PP FPOLIS INGLESES III";"053410783";"LABORATORIOS SERVIER DO BRASIL LTDA";"DV RX SERVIER1";541226;"DAFLON - C/30 CPR REV 450+50MG";"7898029551770";"Ativo";"RX PROMOVIDO";2025-05-30 00:00:00.0;2
154;"DC BLUMENAU GENERAL OSORIO";"053410783";"LABORATORIOS SERVIER DO BRASIL LTDA";"DV RX SERVIER1";691014;"DIAMICRON MR - C/30 CPR REV LP 30MG";"7898029552128";"Ativo";"RX PROMOVIDO";2025-04-30 00:00:00.0;1
165;"PP GUAIRA";"053410783";"LABORATORIOS SERVIER DO BRASIL LTDA";"DV RX SERVIER1";711065;"VASTAREL MR - C/30 CPR REV LP 35MG";"7898029558809";"Ativo";"RX PROMOVIDO";2025-07-01 00:00:00.0;2
166;"PP GRAVATAÍ III";"053410783";"LABORATORIOS SERVIER DO BRASIL LTDA";"DV RX SERVIER1";701207;"DIAMICRON MR - C/60 CPR REV LP 30MG";"7898029552135";"Ativo";"RX PROMOVIDO";2025-06-30 00:00:00.0;1
167;"DC FPOLIS PADRE ROMA";"053410783";"LABORATORIOS SERVIER DO BRASIL LTDA";"DV PBM SERVIER";736459;"ACERTIL - C/60 CPR REV 10MG";"7898029550254";"Ativo";"RX PROMOVIDO";2025-03-30 00:00:00.0;1
168;"PP CAMBORIÚ KOMPRÃO II";"053410783";"LABORATORIOS SERVIER DO BRASIL LTDA";"DV PBM SERVIER";738217;"ACERTALIX - C/30 CPR REV 5+1,25MG";"7898029550407";"Ativo";"RX PROMOVIDO";2025-03-31 00:00:00.0;1
171;"PP IMBITUBA KOMPRÃO CAMPO DUNA";"053410783";"LABORATORIOS SERVIER DO BRASIL LTDA";"DV RX SERVIER1";709220;"VASTAREL MR - C/60 CPR REV LP 35MG";"7898029558816";"Ativo";"RX PROMOVIDO";2025-03-31 00:00:00.0;1
176;"PP FPOLIS MORRO DAS PEDRAS";"053410783";"LABORATORIOS SERVIER DO BRASIL LTDA";"DV PBM SERVIER";740229;"TRIPLIXAM - C/30 CPR REV 5+1,25+10MG";"7898029550810";"Ativo";"RX PROMOVIDO";2025-03-30 00:00:00.0;1
186;"PP IMBITUBA KOMPRÃO RIBANCEIRA";"053410783";"LABORATORIOS SERVIER DO BRASIL LTDA";"DV RX SERVIER1";711065;"VASTAREL MR - C/30 CPR REV LP 35MG";"7898029558809";"Ativo";"RX PROMOVIDO";2025-05-31 00:00:00.0;1
189;"PP CAMBORIU II";"053410783";"LABORATORIOS SERVIER DO BRASIL LTDA";"DV RX SERVIER1";709220;"VASTAREL MR - C/60 CPR REV LP 35MG";"7898029558816";"Ativo";"RX PROMOVIDO";2025-05-01 00:00:00.0;1
193;"PP CAMPO GRANDE JULIO DE CASTILHO";"053410783";"LABORATORIOS SERVIER DO BRASIL LTDA";"DV RX SERVIER1";709220;"VASTAREL MR - C/60 CPR REV LP 35MG";"7898029558816";"Ativo";"RX PROMOVIDO";2025-07-31 00:00:00.0;2
201;"PP POMERODE KOMPRÃO";"053410783";"LABORATORIOS SERVIER DO BRASIL LTDA";"DV RX SERVIER1";541226;"DAFLON - C/30 CPR REV 450+50MG";"7898029551770";"Ativo";"RX PROMOVIDO";2025-05-30 00:00:00.0;1
213;"PP IMBITUBA II";"053410783";"LABORATORIOS SERVIER DO BRASIL LTDA";"DV RX SERVIER1";642250;"ARCALION - C/60 CPR REV 200MG";"7898029550131";"Ativo";"RX PROMOVIDO";2025-05-31 00:00:00.0;1
217;"DC CRICIÚMA III";"053410783";"LABORATORIOS SERVIER DO BRASIL LTDA";"DV RX SERVIER1";642250;"ARCALION - C/60 CPR REV 200MG";"7898029550131";"Ativo";"RX PROMOVIDO";2025-02-28 00:00:00.0;1
264;"PP RIO NEGRINHO KOMPRÃO";"053410783";"LABORATORIOS SERVIER DO BRASIL LTDA";"DV RX SERVIER1";642250;"ARCALION - C/60 CPR REV 200MG";"7898029550131";"Ativo";"RX PROMOVIDO";2025-05-30 00:00:00.0;1
264;"PP RIO NEGRINHO KOMPRÃO";"053410783";"LABORATORIOS SERVIER DO BRASIL LTDA";"DV PBM SERVIER";721815;"DIAMICRON MR - C/60 CPR REV LP 60MG";"7898029552210";"Ativo";"RX PROMOVIDO";2025-07-31 00:00:00.0;1
268;"PP RIO NEGRINHO KOMPRÃO SEMINÁRIO";"053410783";"LABORATORIOS SERVIER DO BRASIL LTDA";"DV RX SERVIER1";642250;"ARCALION - C/60 CPR REV 200MG";"7898029550131";"Ativo";"RX PROMOVIDO";2025-05-01 00:00:00.0;1
268;"PP RIO NEGRINHO KOMPRÃO SEMINÁRIO";"053410783";"LABORATORIOS SERVIER DO BRASIL LTDA";"DV RX SERVIER1";724832;"DAFLON - C/30 CPR REV 900+100MG";"7898029551848";"Ativo";"RX PROMOVIDO";2025-06-30 00:00:00.0;1
304;"PP FPOLIS ITACORUBI";"053410783";"LABORATORIOS SERVIER DO BRASIL LTDA";"DV RX SERVIER1";642250;"ARCALION - C/60 CPR REV 200MG";"7898029550131";"Ativo";"RX PROMOVIDO";2025-02-28 00:00:00.0;1
310;"PP S JOSÉ HOSPITAL";"053410783";"LABORATORIOS SERVIER DO BRASIL LTDA";"DV PBM SERVIER";739346;"VASTAREL LP - C/30 CAPS LP 80MG";"7898029558755";"Ativo";"RX PROMOVIDO";2025-02-28 00:00:00.0;1
314;"PP ITAJAÍ II";"053410783";"LABORATORIOS SERVIER DO BRASIL LTDA";"DV RX SERVIER1";153510;"ARCALION - C/20 DRAG 200MG";"7898029550124";"Ativo";"RX PROMOVIDO";2025-05-31 00:00:00.0;1
314;"PP ITAJAÍ II";"053410783";"LABORATORIOS SERVIER DO BRASIL LTDA";"DV RX SERVIER1";642250;"ARCALION - C/60 CPR REV 200MG";"7898029550131";"Ativo";"RX PROMOVIDO";2025-05-31 00:00:00.0;1
320;"PP BALNEÁRIO BARRA DO SUL";"053410783";"LABORATORIOS SERVIER DO BRASIL LTDA";"DV RX SERVIER1";642250;"ARCALION - C/60 CPR REV 200MG";"7898029550131";"Ativo";"RX PROMOVIDO";2025-05-01 00:00:00.0;1
337;"PP LAPA MUNHOZ DA ROCHA";"053410783";"LABORATORIOS SERVIER DO BRASIL LTDA";"DV RX SERVIER1";711065;"VASTAREL MR - C/30 CPR REV LP 35MG";"7898029558809";"Ativo";"RX PROMOVIDO";2025-05-31 00:00:00.0;1
345;"PP CAMPO GRANDE AV BANDEIRANTES";"053410783";"LABORATORIOS SERVIER DO BRASIL LTDA";"DV RX SERVIER1";541226;"DAFLON - C/30 CPR REV 450+50MG";"7898029551770";"Ativo";"RX PROMOVIDO";2025-05-01 00:00:00.0;1
346;"PP JLLE AVENTUREIRO III";"053410783";"LABORATORIOS SERVIER DO BRASIL LTDA";"DV RX SERVIER1";714485;"PROCORALAN - C/56 CPR REV 7,5MG";"7898029557154";"Ativo";"RX PROMOVIDO";2025-03-01 00:00:00.0;1
347;"PP S FRANCISCO DO SUL ENSEADA";"053410783";"LABORATORIOS SERVIER DO BRASIL LTDA";"DV RX SERVIER1";642250;"ARCALION - C/60 CPR REV 200MG";"7898029550131";"Ativo";"RX PROMOVIDO";2025-05-30 00:00:00.0;1
347;"PP S FRANCISCO DO SUL ENSEADA";"053410783";"LABORATORIOS SERVIER DO BRASIL LTDA";"DV RX SERVIER1";642250;"ARCALION - C/60 CPR REV 200MG";"7898029550131";"Ativo";"RX PROMOVIDO";2025-05-31 00:00:00.0;1
357;"PP CAMBORIÚ KOMPRÃO I";"053410783";"LABORATORIOS SERVIER DO BRASIL LTDA";"DV RX SERVIER1";709220;"VASTAREL MR - C/60 CPR REV LP 35MG";"7898029558816";"Ativo";"RX PROMOVIDO";2025-06-01 00:00:00.0;1
358;"PP BRUSQUE  KOMPRÃO SANTA RITA";"053410783";"LABORATORIOS SERVIER DO BRASIL LTDA";"DV RX SERVIER1";714485;"PROCORALAN - C/56 CPR REV 7,5MG";"7898029557154";"Ativo";"RX PROMOVIDO";2025-03-01 00:00:00.0;1
359;"PP BOMBINHAS KOCH";"053410783";"LABORATORIOS SERVIER DO BRASIL LTDA";"DV RX SERVIER1";729219;"DAFLON - C/60 CPR REV 900+100MG";"7898029551855";"Ativo";"RX PROMOVIDO";2025-02-28 00:00:00.0;1
359;"PP BOMBINHAS KOCH";"053410783";"LABORATORIOS SERVIER DO BRASIL LTDA";"DV PBM SERVIER";740229;"TRIPLIXAM - C/30 CPR REV 5+1,25+10MG";"7898029550810";"Ativo";"RX PROMOVIDO";2025-03-31 00:00:00.0;1
360;"PP BLU KOMPRÃO PEDRO ZIMMERMANN";"053410783";"LABORATORIOS SERVIER DO BRASIL LTDA";"DV PBM SERVIER";736648;"DAFLON FLEX - C/30 ENV SUSP ORAL 900+100MG";"7898029550766";"Ativo";"RX PROMOVIDO";2025-05-31 00:00:00.0;1
368;"PP BLU PROGRESSO";"053410783";"LABORATORIOS SERVIER DO BRASIL LTDA";"DV RX SERVIER1";711065;"VASTAREL MR - C/30 CPR REV LP 35MG";"7898029558809";"Ativo";"RX PROMOVIDO";2025-03-01 00:00:00.0;1
374;"PP FPOLIS FELIPE SCHMIDT III";"053410783";"LABORATORIOS SERVIER DO BRASIL LTDA";"DV PBM SERVIER";717464;"DIAMICRON MR - C/30 CPR LP 60MG";"7898029552203";"Ativo";"RX PROMOVIDO";2025-05-30 00:00:00.0;1
378;"PP BIGUAÇÚ II";"053410783";"LABORATORIOS SERVIER DO BRASIL LTDA";"DV RX SERVIER1";642250;"ARCALION - C/60 CPR REV 200MG";"7898029550131";"Ativo";"RX PROMOVIDO";2025-05-31 00:00:00.0;1
385;"PP CTBA HUGO LANGE";"053410783";"LABORATORIOS SERVIER DO BRASIL LTDA";"DV RX SERVIER1";711065;"VASTAREL MR - C/30 CPR REV LP 35MG";"7898029558809";"Ativo";"RX PROMOVIDO";2025-05-30 00:00:00.0;1
389;"PP PELOTAS";"053410783";"LABORATORIOS SERVIER DO BRASIL LTDA";"DV PBM SERVIER";736648;"DAFLON FLEX - C/30 ENV SUSP ORAL 900+100MG";"7898029550766";"Ativo";"RX PROMOVIDO";2025-05-31 00:00:00.0;1
389;"PP PELOTAS";"053410783";"LABORATORIOS SERVIER DO BRASIL LTDA";"DV PBM SERVIER";736648;"DAFLON FLEX - C/30 ENV SUSP ORAL 900+100MG";"7898029550766";"Ativo";"RX PROMOVIDO";2025-07-01 00:00:00.0;1
392;"PP LAJEADO";"053410783";"LABORATORIOS SERVIER DO BRASIL LTDA";"DV RX SERVIER1";729219;"DAFLON - C/60 CPR REV 900+100MG";"7898029551855";"Ativo";"RX PROMOVIDO";2025-07-30 00:00:00.0;2
392;"PP LAJEADO";"053410783";"LABORATORIOS SERVIER DO BRASIL LTDA";"DV PBM SERVIER";736648;"DAFLON FLEX - C/30 ENV SUSP ORAL 900+100MG";"7898029550766";"Ativo";"RX PROMOVIDO";2025-04-30 00:00:00.0;1
393;"PP NOVA ANDRADINA I";"053410783";"LABORATORIOS SERVIER DO BRASIL LTDA";"DV RX SERVIER1";541226;"DAFLON - C/30 CPR REV 450+50MG";"7898029551770";"Ativo";"RX PROMOVIDO";2025-05-31 00:00:00.0;2
393;"PP NOVA ANDRADINA I";"053410783";"LABORATORIOS SERVIER DO BRASIL LTDA";"DV RX SERVIER1";711065;"VASTAREL MR - C/30 CPR REV LP 35MG";"7898029558809";"Ativo";"RX PROMOVIDO";2025-06-01 00:00:00.0;1
393;"PP NOVA ANDRADINA I";"053410783";"LABORATORIOS SERVIER DO BRASIL LTDA";"DV RX SERVIER1";714485;"PROCORALAN - C/56 CPR REV 7,5MG";"7898029557154";"Ativo";"RX PROMOVIDO";2025-03-01 00:00:00.0;2
397;"PP POA AZENHA";"053410783";"LABORATORIOS SERVIER DO BRASIL LTDA";"DV RX SERVIER1";711065;"VASTAREL MR - C/30 CPR REV LP 35MG";"7898029558809";"Ativo";"RX PROMOVIDO";2025-06-30 00:00:00.0;1
414;"PP OTACÍLIO COSTA";"053410783";"LABORATORIOS SERVIER DO BRASIL LTDA";"DV RX SERVIER1";711065;"VASTAREL MR - C/30 CPR REV LP 35MG";"7898029558809";"Ativo";"RX PROMOVIDO";2025-05-30 00:00:00.0;1
418;"PP APUCARANA RIO BRANCO";"053410783";"LABORATORIOS SERVIER DO BRASIL LTDA";"DV RX SERVIER1";709220;"VASTAREL MR - C/60 CPR REV LP 35MG";"7898029558816";"Ativo";"RX PROMOVIDO";2025-06-30 00:00:00.0;2
418;"PP APUCARANA RIO BRANCO";"053410783";"LABORATORIOS SERVIER DO BRASIL LTDA";"DV RX SERVIER1";729219;"DAFLON - C/60 CPR REV 900+100MG";"7898029551855";"Ativo";"RX PROMOVIDO";2025-07-31 00:00:00.0;1
422;"PP ARAPONGAS";"053410783";"LABORATORIOS SERVIER DO BRASIL LTDA";"DV PBM SERVIER";717464;"DIAMICRON MR - C/30 CPR LP 60MG";"7898029552203";"Ativo";"RX PROMOVIDO";2025-05-31 00:00:00.0;1
431;"PP SJ DOS PINHAIS MUFFATO";"053410783";"LABORATORIOS SERVIER DO BRASIL LTDA";"DV PBM SERVIER";721815;"DIAMICRON MR - C/60 CPR REV LP 60MG";"7898029552210";"Ativo";"RX PROMOVIDO";2025-07-31 00:00:00.0;1
437;"PP FARROUPILHA II";"053410783";"LABORATORIOS SERVIER DO BRASIL LTDA";"DV RX SERVIER1";541226;"DAFLON - C/30 CPR REV 450+50MG";"7898029551770";"Ativo";"RX PROMOVIDO";2025-06-30 00:00:00.0;1
442;"PP CAMBORIÚ AREIAS";"053410783";"LABORATORIOS SERVIER DO BRASIL LTDA";"DV RX SERVIER1";642250;"ARCALION - C/60 CPR REV 200MG";"7898029550131";"Ativo";"RX PROMOVIDO";2025-05-30 00:00:00.0;2
442;"PP CAMBORIÚ AREIAS";"053410783";"LABORATORIOS SERVIER DO BRASIL LTDA";"DV RX SERVIER1";711065;"VASTAREL MR - C/30 CPR REV LP 35MG";"7898029558809";"Ativo";"RX PROMOVIDO";2025-05-30 00:00:00.0;1
445;"DC TIMBÓ";"053410783";"LABORATORIOS SERVIER DO BRASIL LTDA";"DV PBM SERVIER";740227;"TRIPLIXAM - C/30 CPR REV 5+1,25+5MG";"7898029550803";"Ativo";"RX PROMOVIDO";2025-03-31 00:00:00.0;1
447;"PP FLORES DA CUNHA";"053410783";"LABORATORIOS SERVIER DO BRASIL LTDA";"DV RX SERVIER1";709220;"VASTAREL MR - C/60 CPR REV LP 35MG";"7898029558816";"Ativo";"RX PROMOVIDO";2025-06-30 00:00:00.0;1
447;"PP FLORES DA CUNHA";"053410783";"LABORATORIOS SERVIER DO BRASIL LTDA";"DV RX SERVIER1";711065;"VASTAREL MR - C/30 CPR REV LP 35MG";"7898029558809";"Ativo";"RX PROMOVIDO";2025-06-30 00:00:00.0;1
449;"PP CRUZ ALTA";"053410783";"LABORATORIOS SERVIER DO BRASIL LTDA";"DV RX SERVIER1";724832;"DAFLON - C/30 CPR REV 900+100MG";"7898029551848";"Ativo";"RX PROMOVIDO";2025-04-30 00:00:00.0;1
461;"PP FPOLIS LAGOA";"053410783";"LABORATORIOS SERVIER DO BRASIL LTDA";"DV RX SERVIER1";711065;"VASTAREL MR - C/30 CPR REV LP 35MG";"7898029558809";"Ativo";"RX PROMOVIDO";2025-07-30 00:00:00.0;1
471;"PP CTBA GUABIROTUBA";"053410783";"LABORATORIOS SERVIER DO BRASIL LTDA";"DV RX SERVIER1";153510;"ARCALION - C/20 DRAG 200MG";"7898029550124";"Ativo";"RX PROMOVIDO";2025-02-28 00:00:00.0;1
472;"PP ARAQUARI ITINGA";"053410783";"LABORATORIOS SERVIER DO BRASIL LTDA";"DV RX SERVIER1";642250;"ARCALION - C/60 CPR REV 200MG";"7898029550131";"Ativo";"RX PROMOVIDO";2025-05-30 00:00:00.0;2
495;"DC JLLE OTTO BOEHM";"053410783";"LABORATORIOS SERVIER DO BRASIL LTDA";"DV RX SERVIER1";153510;"ARCALION - C/20 DRAG 200MG";"7898029550124";"Ativo";"RX PROMOVIDO";2025-02-28 00:00:00.0;3
495;"DC JLLE OTTO BOEHM";"053410783";"LABORATORIOS SERVIER DO BRASIL LTDA";"DV RX SERVIER1";642250;"ARCALION - C/60 CPR REV 200MG";"7898029550131";"Ativo";"RX PROMOVIDO";2025-05-30 00:00:00.0;1
502;"PP POA GETÚLIO VARGAS";"053410783";"LABORATORIOS SERVIER DO BRASIL LTDA";"DV RX SERVIER1";711065;"VASTAREL MR - C/30 CPR REV LP 35MG";"7898029558809";"Ativo";"RX PROMOVIDO";2025-05-30 00:00:00.0;1
502;"PP POA GETÚLIO VARGAS";"053410783";"LABORATORIOS SERVIER DO BRASIL LTDA";"DV RX SERVIER1";711065;"VASTAREL MR - C/30 CPR REV LP 35MG";"7898029558809";"Ativo";"RX PROMOVIDO";2025-06-30 00:00:00.0;1
502;"PP POA GETÚLIO VARGAS";"053410783";"LABORATORIOS SERVIER DO BRASIL LTDA";"DV PBM SERVIER";730932;"ACERTIL - C/30 CPR REV 5MG";"7898029550216";"Ativo";"RX PROMOVIDO";2025-03-30 00:00:00.0;1
502;"PP POA GETÚLIO VARGAS";"053410783";"LABORATORIOS SERVIER DO BRASIL LTDA";"DV PBM SERVIER";740229;"TRIPLIXAM - C/30 CPR REV 5+1,25+10MG";"7898029550810";"Ativo";"RX PROMOVIDO";2025-03-30 00:00:00.0;1
503;"PP PASSO FUNDO SAO CRISTOVÃO";"053410783";"LABORATORIOS SERVIER DO BRASIL LTDA";"DV PBM SERVIER";739346;"VASTAREL LP - C/30 CAPS LP 80MG";"7898029558755";"Ativo";"RX PROMOVIDO";2025-05-31 00:00:00.0;1
521;"PP JLLE CEGONHAS";"053410783";"LABORATORIOS SERVIER DO BRASIL LTDA";"DV RX SERVIER1";709220;"VASTAREL MR - C/60 CPR REV LP 35MG";"7898029558816";"Ativo";"RX PROMOVIDO";2025-06-01 00:00:00.0;1
521;"PP JLLE CEGONHAS";"053410783";"LABORATORIOS SERVIER DO BRASIL LTDA";"DV RX SERVIER1";711065;"VASTAREL MR - C/30 CPR REV LP 35MG";"7898029558809";"Ativo";"RX PROMOVIDO";2025-06-01 00:00:00.0;1
532;"PP CAMPO BOM";"053410783";"LABORATORIOS SERVIER DO BRASIL LTDA";"DV RX SERVIER1";541226;"DAFLON - C/30 CPR REV 450+50MG";"7898029551770";"Ativo";"RX PROMOVIDO";2025-05-01 00:00:00.0;1
537;"PP JLLE RODRIGUES";"053410783";"LABORATORIOS SERVIER DO BRASIL LTDA";"DV RX SERVIER1";642250;"ARCALION - C/60 CPR REV 200MG";"7898029550131";"Ativo";"RX PROMOVIDO";2025-02-28 00:00:00.0;1
541;"PP BENTO GONÇALVES SALDANHA";"053410783";"LABORATORIOS SERVIER DO BRASIL LTDA";"DV RX SERVIER1";711065;"VASTAREL MR - C/30 CPR REV LP 35MG";"7898029558809";"Ativo";"RX PROMOVIDO";2025-07-01 00:00:00.0;1
541;"PP BENTO GONÇALVES SALDANHA";"053410783";"LABORATORIOS SERVIER DO BRASIL LTDA";"DV PBM SERVIER";717464;"DIAMICRON MR - C/30 CPR LP 60MG";"7898029552203";"Ativo";"RX PROMOVIDO";2025-05-01 00:00:00.0;1
553;"PP RIO NEGRINHO GERMÂNIA II";"053410783";"LABORATORIOS SERVIER DO BRASIL LTDA";"DV PBM SERVIER";739346;"VASTAREL LP - C/30 CAPS LP 80MG";"7898029558755";"Ativo";"RX PROMOVIDO";2025-04-30 00:00:00.0;1
553;"PP RIO NEGRINHO GERMÂNIA II";"053410783";"LABORATORIOS SERVIER DO BRASIL LTDA";"DV PBM SERVIER";739346;"VASTAREL LP - C/30 CAPS LP 80MG";"7898029558755";"Ativo";"RX PROMOVIDO";2025-05-30 00:00:00.0;1
558;"PP CX DO SUL JULIO DE CASTILHOS";"053410783";"LABORATORIOS SERVIER DO BRASIL LTDA";"DV RX SERVIER1";684478;"NATRILIX SR - C/30 CPR REV LP 1,5MG";"7898029556829";"Ativo";"RX PROMOVIDO";2025-03-31 00:00:00.0;1
563;"DC JLLE MATRIZ";"053410783";"LABORATORIOS SERVIER DO BRASIL LTDA";"DV RX SERVIER1";650326;"COVERSYL - C/30 CPR 4MG";"7898029551046";"Inativo";"RX PROMOVIDO";2025-02-28 00:00:00.0;1
572;"PP CX DO SUL CARLOS BIANCHINI";"053410783";"LABORATORIOS SERVIER DO BRASIL LTDA";"DV RX SERVIER1";709220;"VASTAREL MR - C/60 CPR REV LP 35MG";"7898029558816";"Ativo";"RX PROMOVIDO";2025-06-30 00:00:00.0;2
574;"PP POA BOA VISTA";"053410783";"LABORATORIOS SERVIER DO BRASIL LTDA";"DV RX SERVIER1";701206;"DAFLON - C/60 CPR REV 450+50MG";"7898029551787";"Ativo";"RX PROMOVIDO";2025-03-30 00:00:00.0;1
574;"PP POA BOA VISTA";"053410783";"LABORATORIOS SERVIER DO BRASIL LTDA";"DV PBM SERVIER";736648;"DAFLON FLEX - C/30 ENV SUSP ORAL 900+100MG";"7898029550766";"Ativo";"RX PROMOVIDO";2025-07-31 00:00:00.0;1
576;"DC FPOLIS PANTANAL";"053410783";"LABORATORIOS SERVIER DO BRASIL LTDA";"DV RX SERVIER1";709220;"VASTAREL MR - C/60 CPR REV LP 35MG";"7898029558816";"Ativo";"RX PROMOVIDO";2025-05-31 00:00:00.0;1
584;"PP CX DO SUL PRAÇA";"053410783";"LABORATORIOS SERVIER DO BRASIL LTDA";"DV RX SERVIER1";541226;"DAFLON - C/30 CPR REV 450+50MG";"7898029551770";"Ativo";"RX PROMOVIDO";2025-05-31 00:00:00.0;1
585;"PP LAJEADO JULIO DE CASTILHOS";"053410783";"LABORATORIOS SERVIER DO BRASIL LTDA";"DV RX SERVIER1";709220;"VASTAREL MR - C/60 CPR REV LP 35MG";"7898029558816";"Ativo";"RX PROMOVIDO";2025-05-01 00:00:00.0;1
585;"PP LAJEADO JULIO DE CASTILHOS";"053410783";"LABORATORIOS SERVIER DO BRASIL LTDA";"DV RX SERVIER1";711065;"VASTAREL MR - C/30 CPR REV LP 35MG";"7898029558809";"Ativo";"RX PROMOVIDO";2025-03-01 00:00:00.0;1
587;"PP CX DO SUL SÃO CAETANO";"053410783";"LABORATORIOS SERVIER DO BRASIL LTDA";"DV PBM SERVIER";739346;"VASTAREL LP - C/30 CAPS LP 80MG";"7898029558755";"Ativo";"RX PROMOVIDO";2025-07-01 00:00:00.0;1
589;"DC JLLE IRIRIÚ";"053410783";"LABORATORIOS SERVIER DO BRASIL LTDA";"DV PBM SERVIER";739346;"VASTAREL LP - C/30 CAPS LP 80MG";"7898029558755";"Ativo";"RX PROMOVIDO";2025-04-01 00:00:00.0;2
598;"PP ARAPONGAS MUFFATO MAX";"053410783";"LABORATORIOS SERVIER DO BRASIL LTDA";"DV RX SERVIER1";153510;"ARCALION - C/20 DRAG 200MG";"7898029550124";"Ativo";"RX PROMOVIDO";2025-02-28 00:00:00.0;1
611;"PP JLLE JARDIM PARAÍSO";"053410783";"LABORATORIOS SERVIER DO BRASIL LTDA";"DV RX SERVIER1";714485;"PROCORALAN - C/56 CPR REV 7,5MG";"7898029557154";"Ativo";"RX PROMOVIDO";2025-03-31 00:00:00.0;1
622;"PP S FRANCISCO DO SUL III";"053410783";"LABORATORIOS SERVIER DO BRASIL LTDA";"DV RX SERVIER1";612085;"NATRILIX - C/30 CPR REV 2,5MG";"7898029556539";"Ativo";"RX PROMOVIDO";2025-06-01 00:00:00.0;1
626;"PP FPOLIS CORREGO GRANDE";"053410783";"LABORATORIOS SERVIER DO BRASIL LTDA";"DV RX SERVIER1";684478;"NATRILIX SR - C/30 CPR REV LP 1,5MG";"7898029556829";"Ativo";"RX PROMOVIDO";2025-05-31 00:00:00.0;1
633;"PP BLU 7 DE SETEMBRO";"053410783";"LABORATORIOS SERVIER DO BRASIL LTDA";"DV RX SERVIER1";711065;"VASTAREL MR - C/30 CPR REV LP 35MG";"7898029558809";"Ativo";"RX PROMOVIDO";2025-06-30 00:00:00.0;1
635;"PP CX DO SUL BELA VISTA";"053410783";"LABORATORIOS SERVIER DO BRASIL LTDA";"DV RX SERVIER1";684478;"NATRILIX SR - C/30 CPR REV LP 1,5MG";"7898029556829";"Ativo";"RX PROMOVIDO";2025-07-01 00:00:00.0;1
635;"PP CX DO SUL BELA VISTA";"053410783";"LABORATORIOS SERVIER DO BRASIL LTDA";"DV RX SERVIER1";714485;"PROCORALAN - C/56 CPR REV 7,5MG";"7898029557154";"Ativo";"RX PROMOVIDO";2025-07-01 00:00:00.0;1
647;"DC JLLE VILA NOVA";"053410783";"LABORATORIOS SERVIER DO BRASIL LTDA";"DV PBM SERVIER";736648;"DAFLON FLEX - C/30 ENV SUSP ORAL 900+100MG";"7898029550766";"Ativo";"RX PROMOVIDO";2025-03-01 00:00:00.0;1
651;"DC JARAGUÁ VILA NOVA";"053410783";"LABORATORIOS SERVIER DO BRASIL LTDA";"DV RX SERVIER1";711065;"VASTAREL MR - C/30 CPR REV LP 35MG";"7898029558809";"Ativo";"RX PROMOVIDO";2025-06-01 00:00:00.0;2
654;"PP POA ASSIS BRASIL TRIÂNGULO";"053410783";"LABORATORIOS SERVIER DO BRASIL LTDA";"DV RX SERVIER1";711065;"VASTAREL MR - C/30 CPR REV LP 35MG";"7898029558809";"Ativo";"RX PROMOVIDO";2025-06-30 00:00:00.0;1
657;"PP MASSARANDUBA";"053410783";"LABORATORIOS SERVIER DO BRASIL LTDA";"DV PBM SERVIER";736648;"DAFLON FLEX - C/30 ENV SUSP ORAL 900+100MG";"7898029550766";"Ativo";"RX PROMOVIDO";2025-04-30 00:00:00.0;2
674;"PP POA CRISTÓVÃO COLOMBO";"053410783";"LABORATORIOS SERVIER DO BRASIL LTDA";"DV RX SERVIER1";642250;"ARCALION - C/60 CPR REV 200MG";"7898029550131";"Ativo";"RX PROMOVIDO";2025-05-01 00:00:00.0;1
675;"PP FPOLIS SACO DOS LIMÕES";"053410783";"LABORATORIOS SERVIER DO BRASIL LTDA";"DV RX SERVIER1";642250;"ARCALION - C/60 CPR REV 200MG";"7898029550131";"Ativo";"RX PROMOVIDO";2025-05-31 00:00:00.0;2
683;"PP POA SALVADOR FRANÇA";"053410783";"LABORATORIOS SERVIER DO BRASIL LTDA";"DV RX SERVIER1";153510;"ARCALION - C/20 DRAG 200MG";"7898029550124";"Ativo";"RX PROMOVIDO";2025-05-31 00:00:00.0;1
691;"PP S JOSÉ BARREIROS";"053410783";"LABORATORIOS SERVIER DO BRASIL LTDA";"DV RX SERVIER1";153510;"ARCALION - C/20 DRAG 200MG";"7898029550124";"Ativo";"RX PROMOVIDO";2025-05-01 00:00:00.0;1
745;"DC JLLE PIRABEIRABA";"053410783";"LABORATORIOS SERVIER DO BRASIL LTDA";"DV RX SERVIER1";711065;"VASTAREL MR - C/30 CPR REV LP 35MG";"7898029558809";"Ativo";"RX PROMOVIDO";2025-06-01 00:00:00.0;1
750;"DC JLLE SANTA CATARINA";"053410783";"LABORATORIOS SERVIER DO BRASIL LTDA";"DV RX SERVIER1";709220;"VASTAREL MR - C/60 CPR REV LP 35MG";"7898029558816";"Ativo";"RX PROMOVIDO";2025-05-30 00:00:00.0;1
752;"PP RIO DO SUL I";"053410783";"LABORATORIOS SERVIER DO BRASIL LTDA";"DV RX SERVIER1";709220;"VASTAREL MR - C/60 CPR REV LP 35MG";"7898029558816";"Ativo";"RX PROMOVIDO";2025-06-30 00:00:00.0;2
752;"PP RIO DO SUL I";"053410783";"LABORATORIOS SERVIER DO BRASIL LTDA";"DV RX SERVIER1";729219;"DAFLON - C/60 CPR REV 900+100MG";"7898029551855";"Ativo";"RX PROMOVIDO";2025-07-31 00:00:00.0;1
752;"PP RIO DO SUL I";"053410783";"LABORATORIOS SERVIER DO BRASIL LTDA";"DV PBM SERVIER";740229;"TRIPLIXAM - C/30 CPR REV 5+1,25+10MG";"7898029550810";"Ativo";"RX PROMOVIDO";2025-03-31 00:00:00.0;1
755;"PP CANOINHAS I";"053410783";"LABORATORIOS SERVIER DO BRASIL LTDA";"DV RX SERVIER1";684478;"NATRILIX SR - C/30 CPR REV LP 1,5MG";"7898029556829";"Ativo";"RX PROMOVIDO";2025-07-01 00:00:00.0;1
757;"PP CHAPECÓ";"053410783";"LABORATORIOS SERVIER DO BRASIL LTDA";"DV RX SERVIER1";701206;"DAFLON - C/60 CPR REV 450+50MG";"7898029551787";"Ativo";"RX PROMOVIDO";2025-03-30 00:00:00.0;1
767;"PP CURITIBANOS I";"053410783";"LABORATORIOS SERVIER DO BRASIL LTDA";"DV RX SERVIER1";714485;"PROCORALAN - C/56 CPR REV 7,5MG";"7898029557154";"Ativo";"RX PROMOVIDO";2025-07-01 00:00:00.0;1
770;"PP BC AV BRASIL I";"053410783";"LABORATORIOS SERVIER DO BRASIL LTDA";"DV PBM SERVIER";736648;"DAFLON FLEX - C/30 ENV SUSP ORAL 900+100MG";"7898029550766";"Ativo";"RX PROMOVIDO";2025-07-30 00:00:00.0;1
773;"PP JLLE CENTRO";"053410783";"LABORATORIOS SERVIER DO BRASIL LTDA";"DV RX SERVIER1";711065;"VASTAREL MR - C/30 CPR REV LP 35MG";"7898029558809";"Ativo";"RX PROMOVIDO";2025-06-30 00:00:00.0;1
785;"PP POMERODE I";"053410783";"LABORATORIOS SERVIER DO BRASIL LTDA";"DV PBM SERVIER";739346;"VASTAREL LP - C/30 CAPS LP 80MG";"7898029558755";"Ativo";"RX PROMOVIDO";2025-07-31 00:00:00.0;1
785;"PP POMERODE I";"053410783";"LABORATORIOS SERVIER DO BRASIL LTDA";"DV PBM SERVIER";740228;"TRIPLIXAM - C/30 CPR REV 10+2,5+10MG";"7898029550834";"Ativo";"RX PROMOVIDO";2025-06-30 00:00:00.0;1
786;"DC JLLE VISCONDE";"053410783";"LABORATORIOS SERVIER DO BRASIL LTDA";"DV RX SERVIER1";709220;"VASTAREL MR - C/60 CPR REV LP 35MG";"7898029558816";"Ativo";"RX PROMOVIDO";2025-06-30 00:00:00.0;1
786;"DC JLLE VISCONDE";"053410783";"LABORATORIOS SERVIER DO BRASIL LTDA";"DV PBM SERVIER";740229;"TRIPLIXAM - C/30 CPR REV 5+1,25+10MG";"7898029550810";"Ativo";"RX PROMOVIDO";2025-03-31 00:00:00.0;1
787;"PP FPOLIS TRINDADE";"053410783";"LABORATORIOS SERVIER DO BRASIL LTDA";"DV RX SERVIER1";642250;"ARCALION - C/60 CPR REV 200MG";"7898029550131";"Ativo";"RX PROMOVIDO";2025-05-30 00:00:00.0;1
792;"PP SJ DOS PINHAIS I";"053410783";"LABORATORIOS SERVIER DO BRASIL LTDA";"DV RX SERVIER1";691014;"DIAMICRON MR - C/30 CPR REV LP 30MG";"7898029552128";"Ativo";"RX PROMOVIDO";2025-05-31 00:00:00.0;1
796;"PP CTBA VOLUNTÁRIOS";"053410783";"LABORATORIOS SERVIER DO BRASIL LTDA";"DV RX SERVIER1";709220;"VASTAREL MR - C/60 CPR REV LP 35MG";"7898029558816";"Ativo";"RX PROMOVIDO";2025-05-30 00:00:00.0;1
797;"PP VIAMÃO";"053410783";"LABORATORIOS SERVIER DO BRASIL LTDA";"DV RX SERVIER1";153510;"ARCALION - C/20 DRAG 200MG";"7898029550124";"Ativo";"RX PROMOVIDO";2025-05-31 00:00:00.0;1
797;"PP VIAMÃO";"053410783";"LABORATORIOS SERVIER DO BRASIL LTDA";"DV RX SERVIER1";541226;"DAFLON - C/30 CPR REV 450+50MG";"7898029551770";"Ativo";"RX PROMOVIDO";2025-05-31 00:00:00.0;1
797;"PP VIAMÃO";"053410783";"LABORATORIOS SERVIER DO BRASIL LTDA";"DV RX SERVIER1";684478;"NATRILIX SR - C/30 CPR REV LP 1,5MG";"7898029556829";"Ativo";"RX PROMOVIDO";2025-03-31 00:00:00.0;1
797;"PP VIAMÃO";"053410783";"LABORATORIOS SERVIER DO BRASIL LTDA";"DV RX SERVIER1";711065;"VASTAREL MR - C/30 CPR REV LP 35MG";"7898029558809";"Ativo";"RX PROMOVIDO";2025-03-31 00:00:00.0;3
797;"PP VIAMÃO";"053410783";"LABORATORIOS SERVIER DO BRASIL LTDA";"DV RX SERVIER1";711065;"VASTAREL MR - C/30 CPR REV LP 35MG";"7898029558809";"Ativo";"RX PROMOVIDO";2025-07-30 00:00:00.0;1
797;"PP VIAMÃO";"053410783";"LABORATORIOS SERVIER DO BRASIL LTDA";"DV PBM SERVIER";717464;"DIAMICRON MR - C/30 CPR LP 60MG";"7898029552203";"Ativo";"RX PROMOVIDO";2025-04-30 00:00:00.0;2
797;"PP VIAMÃO";"053410783";"LABORATORIOS SERVIER DO BRASIL LTDA";"DV PBM SERVIER";739346;"VASTAREL LP - C/30 CAPS LP 80MG";"7898029558755";"Ativo";"RX PROMOVIDO";2025-06-30 00:00:00.0;1
799;"PP POA VOLUNTÁRIOS I";"053410783";"LABORATORIOS SERVIER DO BRASIL LTDA";"DV PBM SERVIER";736648;"DAFLON FLEX - C/30 ENV SUSP ORAL 900+100MG";"7898029550766";"Ativo";"RX PROMOVIDO";2025-07-31 00:00:00.0;1
802;"PP JLLE BOEHMERWALD";"053410783";"LABORATORIOS SERVIER DO BRASIL LTDA";"DV RX SERVIER1";642250;"ARCALION - C/60 CPR REV 200MG";"7898029550131";"Ativo";"RX PROMOVIDO";2025-05-01 00:00:00.0;1
806;"PP TIJUCAS I";"053410783";"LABORATORIOS SERVIER DO BRASIL LTDA";"DV RX SERVIER1";642250;"ARCALION - C/60 CPR REV 200MG";"7898029550131";"Ativo";"RX PROMOVIDO";2025-05-31 00:00:00.0;1
807;"PP CX DO SUL BAIRRO";"053410783";"LABORATORIOS SERVIER DO BRASIL LTDA";"DV RX SERVIER1";711065;"VASTAREL MR - C/30 CPR REV LP 35MG";"7898029558809";"Ativo";"RX PROMOVIDO";2025-07-30 00:00:00.0;3
807;"PP CX DO SUL BAIRRO";"053410783";"LABORATORIOS SERVIER DO BRASIL LTDA";"DV RX SERVIER1";729219;"DAFLON - C/60 CPR REV 900+100MG";"7898029551855";"Ativo";"RX PROMOVIDO";2025-03-30 00:00:00.0;1
816;"PP CTBA NOVO MUNDO I";"053410783";"LABORATORIOS SERVIER DO BRASIL LTDA";"DV PBM SERVIER";740229;"TRIPLIXAM - C/30 CPR REV 5+1,25+10MG";"7898029550810";"Ativo";"RX PROMOVIDO";2025-03-01 00:00:00.0;1
818;"PP CTBA PINHEIRINHO I";"053410783";"LABORATORIOS SERVIER DO BRASIL LTDA";"DV RX SERVIER1";711065;"VASTAREL MR - C/30 CPR REV LP 35MG";"7898029558809";"Ativo";"RX PROMOVIDO";2025-06-30 00:00:00.0;1
824;"PP S BENTO GERMÂNIA";"053410783";"LABORATORIOS SERVIER DO BRASIL LTDA";"DV RX SERVIER1";714485;"PROCORALAN - C/56 CPR REV 7,5MG";"7898029557154";"Ativo";"RX PROMOVIDO";2025-03-31 00:00:00.0;1
825;"PP BRUSQUE ST TEREZINHA";"053410783";"LABORATORIOS SERVIER DO BRASIL LTDA";"DV RX SERVIER1";642250;"ARCALION - C/60 CPR REV 200MG";"7898029550131";"Ativo";"RX PROMOVIDO";2025-05-31 00:00:00.0;1
825;"PP BRUSQUE ST TEREZINHA";"053410783";"LABORATORIOS SERVIER DO BRASIL LTDA";"DV PBM SERVIER";717464;"DIAMICRON MR - C/30 CPR LP 60MG";"7898029552203";"Ativo";"RX PROMOVIDO";2025-04-30 00:00:00.0;1
828;"PP FARROUPILHA I";"053410783";"LABORATORIOS SERVIER DO BRASIL LTDA";"DV RX SERVIER1";714485;"PROCORALAN - C/56 CPR REV 7,5MG";"7898029557154";"Ativo";"RX PROMOVIDO";2025-07-31 00:00:00.0;1
828;"PP FARROUPILHA I";"053410783";"LABORATORIOS SERVIER DO BRASIL LTDA";"DV PBM SERVIER";736648;"DAFLON FLEX - C/30 ENV SUSP ORAL 900+100MG";"7898029550766";"Ativo";"RX PROMOVIDO";2025-03-31 00:00:00.0;1
832;"PP ORLEANS I";"053410783";"LABORATORIOS SERVIER DO BRASIL LTDA";"DV RX SERVIER1";709220;"VASTAREL MR - C/60 CPR REV LP 35MG";"7898029558816";"Ativo";"RX PROMOVIDO";2025-03-31 00:00:00.0;1
837;"PP CHAPECÓ GETÚLIO I";"053410783";"LABORATORIOS SERVIER DO BRASIL LTDA";"DV PBM SERVIER";717464;"DIAMICRON MR - C/30 CPR LP 60MG";"7898029552203";"Ativo";"RX PROMOVIDO";2025-07-31 00:00:00.0;1
837;"PP CHAPECÓ GETÚLIO I";"053410783";"LABORATORIOS SERVIER DO BRASIL LTDA";"DV PBM SERVIER";739346;"VASTAREL LP - C/30 CAPS LP 80MG";"7898029558755";"Ativo";"RX PROMOVIDO";2025-06-30 00:00:00.0;1
837;"PP CHAPECÓ GETÚLIO I";"053410783";"LABORATORIOS SERVIER DO BRASIL LTDA";"DV PBM SERVIER";740229;"TRIPLIXAM - C/30 CPR REV 5+1,25+10MG";"7898029550810";"Ativo";"RX PROMOVIDO";2025-03-31 00:00:00.0;1
838;"PP CRICIÚMA 6 DE JANEIRO";"053410783";"LABORATORIOS SERVIER DO BRASIL LTDA";"DV RX SERVIER1";701206;"DAFLON - C/60 CPR REV 450+50MG";"7898029551787";"Ativo";"RX PROMOVIDO";2025-03-31 00:00:00.0;1
856;"PP BLU II";"053410783";"LABORATORIOS SERVIER DO BRASIL LTDA";"DV RX SERVIER1";701206;"DAFLON - C/60 CPR REV 450+50MG";"7898029551787";"Ativo";"RX PROMOVIDO";2025-03-31 00:00:00.0;1
859;"PP FPOLIS JERÔNIMO COELHO";"053410783";"LABORATORIOS SERVIER DO BRASIL LTDA";"DV RX SERVIER1";153510;"ARCALION - C/20 DRAG 200MG";"7898029550124";"Ativo";"RX PROMOVIDO";2025-02-28 00:00:00.0;1
862;"PP CTBA ANITA GARIBALDI";"053410783";"LABORATORIOS SERVIER DO BRASIL LTDA";"DV RX SERVIER1";711065;"VASTAREL MR - C/30 CPR REV LP 35MG";"7898029558809";"Ativo";"RX PROMOVIDO";2025-06-30 00:00:00.0;1
866;"PP FRAIBURGO";"053410783";"LABORATORIOS SERVIER DO BRASIL LTDA";"DV RX SERVIER1";729219;"DAFLON - C/60 CPR REV 900+100MG";"7898029551855";"Ativo";"RX PROMOVIDO";2025-02-28 00:00:00.0;1
868;"PP BC AV BRASIL VITÓRIA";"053410783";"LABORATORIOS SERVIER DO BRASIL LTDA";"DV RX SERVIER1";642250;"ARCALION - C/60 CPR REV 200MG";"7898029550131";"Ativo";"RX PROMOVIDO";2025-05-30 00:00:00.0;1
874;"DC FPOLIS SÃO JORGE";"053410783";"LABORATORIOS SERVIER DO BRASIL LTDA";"DV RX SERVIER1";701206;"DAFLON - C/60 CPR REV 450+50MG";"7898029551787";"Ativo";"RX PROMOVIDO";2025-03-01 00:00:00.0;1
875;"PP BLU ÁGUA VERDE";"053410783";"LABORATORIOS SERVIER DO BRASIL LTDA";"DV PBM SERVIER";736459;"ACERTIL - C/60 CPR REV 10MG";"7898029550254";"Ativo";"RX PROMOVIDO";2025-05-30 00:00:00.0;1
879;"PP CONCÓRDIA CAITÁ";"053410783";"LABORATORIOS SERVIER DO BRASIL LTDA";"DV RX SERVIER1";711065;"VASTAREL MR - C/30 CPR REV LP 35MG";"7898029558809";"Ativo";"RX PROMOVIDO";2025-06-30 00:00:00.0;1
879;"PP CONCÓRDIA CAITÁ";"053410783";"LABORATORIOS SERVIER DO BRASIL LTDA";"DV PBM SERVIER";736648;"DAFLON FLEX - C/30 ENV SUSP ORAL 900+100MG";"7898029550766";"Ativo";"RX PROMOVIDO";2025-07-31 00:00:00.0;1
880;"PP RIO NEGRINHO GERMÂNIA I";"053410783";"LABORATORIOS SERVIER DO BRASIL LTDA";"DV RX SERVIER1";729219;"DAFLON - C/60 CPR REV 900+100MG";"7898029551855";"Ativo";"RX PROMOVIDO";2025-03-31 00:00:00.0;1
886;"PP CASCAVEL BEAL";"053410783";"LABORATORIOS SERVIER DO BRASIL LTDA";"DV RX SERVIER1";691014;"DIAMICRON MR - C/30 CPR REV LP 30MG";"7898029552128";"Ativo";"RX PROMOVIDO";2025-04-30 00:00:00.0;1
886;"PP CASCAVEL BEAL";"053410783";"LABORATORIOS SERVIER DO BRASIL LTDA";"DV PBM SERVIER";739346;"VASTAREL LP - C/30 CAPS LP 80MG";"7898029558755";"Ativo";"RX PROMOVIDO";2025-05-31 00:00:00.0;1
886;"PP CASCAVEL BEAL";"053410783";"LABORATORIOS SERVIER DO BRASIL LTDA";"DV PBM SERVIER";742168;"ACERTIL - C/60 CPR REV 5MG";"7898029550223";"Ativo";"RX PROMOVIDO";2025-05-31 00:00:00.0;1
888;"PP CTBA SANTA FELICIDADE";"053410783";"LABORATORIOS SERVIER DO BRASIL LTDA";"DV RX SERVIER1";642250;"ARCALION - C/60 CPR REV 200MG";"7898029550131";"Ativo";"RX PROMOVIDO";2025-05-30 00:00:00.0;1
892;"PP COCAL DO SUL";"053410783";"LABORATORIOS SERVIER DO BRASIL LTDA";"DV PBM SERVIER";730932;"ACERTIL - C/30 CPR REV 5MG";"7898029550216";"Ativo";"RX PROMOVIDO";2025-03-31 00:00:00.0;1
895;"PP S JOSÉ BISTEK";"053410783";"LABORATORIOS SERVIER DO BRASIL LTDA";"DV RX SERVIER1";541226;"DAFLON - C/30 CPR REV 450+50MG";"7898029551770";"Ativo";"RX PROMOVIDO";2025-02-28 00:00:00.0;1
896;"PP CASCAVEL MUFFATO BRASÍLIA";"053410783";"LABORATORIOS SERVIER DO BRASIL LTDA";"DV RX SERVIER1";541226;"DAFLON - C/30 CPR REV 450+50MG";"7898029551770";"Ativo";"RX PROMOVIDO";2025-05-31 00:00:00.0;1
899;"PP CAMPO LARGO I";"053410783";"LABORATORIOS SERVIER DO BRASIL LTDA";"DV RX SERVIER1";714485;"PROCORALAN - C/56 CPR REV 7,5MG";"7898029557154";"Ativo";"RX PROMOVIDO";2025-07-30 00:00:00.0;1
899;"PP CAMPO LARGO I";"053410783";"LABORATORIOS SERVIER DO BRASIL LTDA";"DV PBM SERVIER";740229;"TRIPLIXAM - C/30 CPR REV 5+1,25+10MG";"7898029550810";"Ativo";"RX PROMOVIDO";2025-03-31 00:00:00.0;1
903;"PP CASCAVEL MUFFATO C GOMES";"053410783";"LABORATORIOS SERVIER DO BRASIL LTDA";"DV PBM SERVIER";739346;"VASTAREL LP - C/30 CAPS LP 80MG";"7898029558755";"Ativo";"RX PROMOVIDO";2025-05-30 00:00:00.0;1
908;"PP POA ASSIS BRASIL";"053410783";"LABORATORIOS SERVIER DO BRASIL LTDA";"DV RX SERVIER1";153510;"ARCALION - C/20 DRAG 200MG";"7898029550124";"Ativo";"RX PROMOVIDO";2025-02-28 00:00:00.0;2
908;"PP POA ASSIS BRASIL";"053410783";"LABORATORIOS SERVIER DO BRASIL LTDA";"DV RX SERVIER1";709220;"VASTAREL MR - C/60 CPR REV LP 35MG";"7898029558816";"Ativo";"RX PROMOVIDO";2025-07-31 00:00:00.0;1
908;"PP POA ASSIS BRASIL";"053410783";"LABORATORIOS SERVIER DO BRASIL LTDA";"DV RX SERVIER1";729219;"DAFLON - C/60 CPR REV 900+100MG";"7898029551855";"Ativo";"RX PROMOVIDO";2025-03-31 00:00:00.0;2
917;"PP CTBA CABRAL";"053410783";"LABORATORIOS SERVIER DO BRASIL LTDA";"DV RX SERVIER1";642250;"ARCALION - C/60 CPR REV 200MG";"7898029550131";"Ativo";"RX PROMOVIDO";2025-02-28 00:00:00.0;2
919;"PP FRANCISCO BELTRÃO I";"053410783";"LABORATORIOS SERVIER DO BRASIL LTDA";"DV RX SERVIER1";153510;"ARCALION - C/20 DRAG 200MG";"7898029550124";"Ativo";"RX PROMOVIDO";2025-02-28 00:00:00.0;1
929;"PP PALHOÇA PONTE IMARUIM";"053410783";"LABORATORIOS SERVIER DO BRASIL LTDA";"DV PBM SERVIER";736648;"DAFLON FLEX - C/30 ENV SUSP ORAL 900+100MG";"7898029550766";"Ativo";"RX PROMOVIDO";2025-05-31 00:00:00.0;1
935;"PP S FRANCISCO DO SUL II";"053410783";"LABORATORIOS SERVIER DO BRASIL LTDA";"DV RX SERVIER1";729219;"DAFLON - C/60 CPR REV 900+100MG";"7898029551855";"Ativo";"RX PROMOVIDO";2025-07-30 00:00:00.0;1
938;"PP BRUSQUE BARÃO";"053410783";"LABORATORIOS SERVIER DO BRASIL LTDA";"DV RX SERVIER1";153510;"ARCALION - C/20 DRAG 200MG";"7898029550124";"Ativo";"RX PROMOVIDO";2025-05-01 00:00:00.0;1
940;"PP BLU FORTALEZA I";"053410783";"LABORATORIOS SERVIER DO BRASIL LTDA";"DV RX SERVIER1";709220;"VASTAREL MR - C/60 CPR REV LP 35MG";"7898029558816";"Ativo";"RX PROMOVIDO";2025-06-30 00:00:00.0;2
941;"PP CTBA TIRADENTES";"053410783";"LABORATORIOS SERVIER DO BRASIL LTDA";"DV RX SERVIER1";714485;"PROCORALAN - C/56 CPR REV 7,5MG";"7898029557154";"Ativo";"RX PROMOVIDO";2025-03-30 00:00:00.0;1
947;"PP UNIÃO DA VITÓRIA I";"053410783";"LABORATORIOS SERVIER DO BRASIL LTDA";"DV RX SERVIER1";709220;"VASTAREL MR - C/60 CPR REV LP 35MG";"7898029558816";"Ativo";"RX PROMOVIDO";2025-05-31 00:00:00.0;1
948;"DC CAMBORIU";"053410783";"LABORATORIOS SERVIER DO BRASIL LTDA";"DV PBM SERVIER";739346;"VASTAREL LP - C/30 CAPS LP 80MG";"7898029558755";"Ativo";"RX PROMOVIDO";2025-02-28 00:00:00.0;1
950;"PP CAMPO GRANDE";"053410783";"LABORATORIOS SERVIER DO BRASIL LTDA";"DV RX SERVIER1";709220;"VASTAREL MR - C/60 CPR REV LP 35MG";"7898029558816";"Ativo";"RX PROMOVIDO";2025-06-30 00:00:00.0;1
952;"PP ARARANGUÁ CIDADE ALTA";"053410783";"LABORATORIOS SERVIER DO BRASIL LTDA";"DV PBM SERVIER";730932;"ACERTIL - C/30 CPR REV 5MG";"7898029550216";"Ativo";"RX PROMOVIDO";2025-06-30 00:00:00.0;1
953;"PP BARRA VELHA";"053410783";"LABORATORIOS SERVIER DO BRASIL LTDA";"DV RX SERVIER1";714485;"PROCORALAN - C/56 CPR REV 7,5MG";"7898029557154";"Ativo";"RX PROMOVIDO";2025-07-31 00:00:00.0;1
955;"PP PALHOÇA III";"053410783";"LABORATORIOS SERVIER DO BRASIL LTDA";"DV RX SERVIER1";684478;"NATRILIX SR - C/30 CPR REV LP 1,5MG";"7898029556829";"Ativo";"RX PROMOVIDO";2025-03-31 00:00:00.0;1
957;"PP CTBA MUFFATO PORTÃO";"053410783";"LABORATORIOS SERVIER DO BRASIL LTDA";"DV RX SERVIER1";153510;"ARCALION - C/20 DRAG 200MG";"7898029550124";"Ativo";"RX PROMOVIDO";2025-02-28 00:00:00.0;1
957;"PP CTBA MUFFATO PORTÃO";"053410783";"LABORATORIOS SERVIER DO BRASIL LTDA";"DV PBM SERVIER";717464;"DIAMICRON MR - C/30 CPR LP 60MG";"7898029552203";"Ativo";"RX PROMOVIDO";2025-05-31 00:00:00.0;1
958;"PP FPOLIS SANTA MÔNICA";"053410783";"LABORATORIOS SERVIER DO BRASIL LTDA";"DV RX SERVIER1";714485;"PROCORALAN - C/56 CPR REV 7,5MG";"7898029557154";"Ativo";"RX PROMOVIDO";2025-03-01 00:00:00.0;2
961;"PP TOLEDO";"053410783";"LABORATORIOS SERVIER DO BRASIL LTDA";"DV RX SERVIER1";711065;"VASTAREL MR - C/30 CPR REV LP 35MG";"7898029558809";"Ativo";"RX PROMOVIDO";2025-06-30 00:00:00.0;1
961;"PP TOLEDO";"053410783";"LABORATORIOS SERVIER DO BRASIL LTDA";"DV PBM SERVIER";740229;"TRIPLIXAM - C/30 CPR REV 5+1,25+10MG";"7898029550810";"Ativo";"RX PROMOVIDO";2025-03-01 00:00:00.0;1
962;"PP ESTEIO I";"053410783";"LABORATORIOS SERVIER DO BRASIL LTDA";"DV PBM SERVIER";721815;"DIAMICRON MR - C/60 CPR REV LP 60MG";"7898029552210";"Ativo";"RX PROMOVIDO";2025-04-30 00:00:00.0;1
962;"PP ESTEIO I";"053410783";"LABORATORIOS SERVIER DO BRASIL LTDA";"DV RX SERVIER1";729219;"DAFLON - C/60 CPR REV 900+100MG";"7898029551855";"Ativo";"RX PROMOVIDO";2025-02-28 00:00:00.0;1
962;"PP ESTEIO I";"053410783";"LABORATORIOS SERVIER DO BRASIL LTDA";"DV PBM SERVIER";739346;"VASTAREL LP - C/30 CAPS LP 80MG";"7898029558755";"Ativo";"RX PROMOVIDO";2025-04-30 00:00:00.0;3
962;"PP ESTEIO I";"053410783";"LABORATORIOS SERVIER DO BRASIL LTDA";"DV PBM SERVIER";739346;"VASTAREL LP - C/30 CAPS LP 80MG";"7898029558755";"Ativo";"RX PROMOVIDO";2025-05-31 00:00:00.0;1
962;"PP ESTEIO I";"053410783";"LABORATORIOS SERVIER DO BRASIL LTDA";"DV PBM SERVIER";739346;"VASTAREL LP - C/30 CAPS LP 80MG";"7898029558755";"Ativo";"RX PROMOVIDO";2025-07-31 00:00:00.0;1
967;"PP POA VOLUNTÁRIOS II";"053410783";"LABORATORIOS SERVIER DO BRASIL LTDA";"DV RX SERVIER1";709220;"VASTAREL MR - C/60 CPR REV LP 35MG";"7898029558816";"Ativo";"RX PROMOVIDO";2025-07-31 00:00:00.0;1
969;"PP POA OTÁVIO ROCHA";"053410783";"LABORATORIOS SERVIER DO BRASIL LTDA";"DV RX SERVIER1";691014;"DIAMICRON MR - C/30 CPR REV LP 30MG";"7898029552128";"Ativo";"RX PROMOVIDO";2025-04-30 00:00:00.0;1
975;"PP CX DO SUL SÃO PELEGRINO";"053410783";"LABORATORIOS SERVIER DO BRASIL LTDA";"DV RX SERVIER1";709220;"VASTAREL MR - C/60 CPR REV LP 35MG";"7898029558816";"Ativo";"RX PROMOVIDO";2025-05-31 00:00:00.0;1
984;"PP POA JUCA BATISTA";"053410783";"LABORATORIOS SERVIER DO BRASIL LTDA";"DV RX SERVIER1";711065;"VASTAREL MR - C/30 CPR REV LP 35MG";"7898029558809";"Ativo";"RX PROMOVIDO";2025-07-31 00:00:00.0;1
987;"PP TIMBÓ II";"053410783";"LABORATORIOS SERVIER DO BRASIL LTDA";"DV PBM SERVIER";736459;"ACERTIL - C/60 CPR REV 10MG";"7898029550254";"Ativo";"RX PROMOVIDO";2025-05-01 00:00:00.0;1
989;"PP JLLE KOMPRÃO BOA VISTA";"053410783";"LABORATORIOS SERVIER DO BRASIL LTDA";"DV RX SERVIER1";612085;"NATRILIX - C/30 CPR REV 2,5MG";"7898029556539";"Ativo";"RX PROMOVIDO";2025-06-01 00:00:00.0;1
996;"PP FPOLIS KOMPRÃO RIO VERMELHO";"053410783";"LABORATORIOS SERVIER DO BRASIL LTDA";"DV RX SERVIER1";153510;"ARCALION - C/20 DRAG 200MG";"7898029550124";"Ativo";"RX PROMOVIDO";2025-02-28 00:00:00.0;1
